Name,Description,Coordinates,Latitude,Longitude,Hotel Class,Link,Ratings,Reviews,Reviews Breakdown,Address
Elk Forge Bed & Breakfast Inn,"Regal rooms & suites in a stately B&B offering a spa, a hot tub & a putting green, plus a tea room.","{'latitude': 39.6578747, 'longitude': -75.823439}",39.6578747,-75.823439,2,http://www.elkforge.com/,"[{'stars': 5, 'count': 150}, {'stars': 4, 'count': 41}, {'stars': 3, 'count': 15}, {'stars': 2, 'count': 15}, {'stars': 1, 'count': 20}]",241,"[{'name': 'Property', 'description': 'Property', 'total_mentioned': 110, 'positive': 83, 'negative': 20, 'neutral': 7}, {'name': 'Service', 'description': 'Service', 'total_mentioned': 90, 'positive': 65, 'negative': 19, 'neutral': 6}, {'name': 'Breakfast', 'description': 'Breakfast', 'total_mentioned': 70, 'positive': 51, 'negative': 13, 'neutral': 6}]","Elk Forge Bed & Breakfast Inn, 807, Elk Mills Road, Elk Mills, Cecil County, Maryland, 21920, United States"
Red Roof Inn & Suites Newark - University,"Warm quarters in a relaxed budget hotel offering complimentary Wi-Fi & parking, plus a gym.","{'latitude': 39.6511855, 'longitude': -75.7475745}",39.6511855,-75.7475745,2,https://www.redroof.com/property/de/newark/RRI812?utm_source=GMB&utm_medium=Google&utm_campaign=GMB_Performance_RRI812,"[{'stars': 5, 'count': 249}, {'stars': 4, 'count': 196}, {'stars': 3, 'count': 168}, {'stars': 2, 'count': 97}, {'stars': 1, 'count': 314}]",1024,"[{'name': 'Pets', 'description': 'Pets', 'total_mentioned': 35, 'positive': 16, 'negative': 13, 'neutral': 6}, {'name': 'Wellness', 'description': 'Wellness', 'total_mentioned': 5, 'positive': 0, 'negative': 5, 'neutral': 0}, {'name': 'Nightlife', 'description': 'Nightlife', 'total_mentioned': 12, 'positive': 1, 'negative': 10, 'neutral': 1}, {'name': 'Bathroom', 'description': 'Bathroom and toiletries', 'total_mentioned': 108, 'positive': 10, 'negative': 91, 'neutral': 7}, {'name': 'Wi-Fi', 'description': 'Wi-Fi', 'total_mentioned': 18, 'positive': 6, 'negative': 11, 'neutral': 1}, {'name': 'TV', 'description': 'Room entertainment', 'total_mentioned': 31, 'positive': 6, 'negative': 25, 'neutral': 0}]","Red Roof Inn & Suites Newark - University, 1119, South College Avenue, Catalina Gardens, Newark, New Castle County, Delaware, 19713, United States"
Sandcastle Oceanfront Resort South Beach,"Indoor, outdoor & kids' pools plus a lazy river ride in an unfussy hotel tower with cafe & lounge.","{'latitude': 33.6674724, 'longitude': -78.90754729999999}",33.6674724,-78.90754729999999,2,https://www.sandcastlesouthbeach.com/?utm_source=GMB&utm_medium=listing&utm_campaign=GMB2022,"[{'stars': 5, 'count': 823}, {'stars': 4, 'count': 584}, {'stars': 3, 'count': 401}, {'stars': 2, 'count': 208}, {'stars': 1, 'count': 455}]",2471,"[{'name': 'Cleanliness', 'description': 'Cleanliness', 'total_mentioned': 624, 'positive': 225, 'negative': 356, 'neutral': 43}, {'name': 'Service', 'description': 'Service', 'total_mentioned': 583, 'positive': 262, 'negative': 284, 'neutral': 37}, {'name': 'Property', 'description': 'Property', 'total_mentioned': 735, 'positive': 310, 'negative': 356, 'neutral': 69}, {'name': 'Bathroom', 'description': 'Bathroom and toiletries', 'total_mentioned': 310, 'positive': 64, 'negative': 213, 'neutral': 33}, {'name': 'Room', 'description': 'Room amenities', 'total_mentioned': 340, 'positive': 147, 'negative': 154, 'neutral': 39}, {'name': 'Fitness', 'description': 'Fitness', 'total_mentioned': 305, 'positive': 156, 'negative': 108, 'neutral': 41}]","Sandcastle Oceanfront Resort South Beach, 2207, South Ocean Boulevard, Seaview Place, Myrtle Beach, Horry County, South Carolina, 29577, United States"
Chelsea Pines Inn,"Eclectic movie-themed rooms, a greenhouse & a garden in a B&B serving complimentary snacks.","{'latitude': 40.7403668, 'longitude': -74.0033605}",40.7403668,-74.0033605,2,http://www.chelseapinesinn.com/,"[{'stars': 5, 'count': 171}, {'stars': 4, 'count': 73}, {'stars': 3, 'count': 32}, {'stars': 2, 'count': 14}, {'stars': 1, 'count': 32}]",322,"[{'name': 'Breakfast', 'description': 'Breakfast', 'total_mentioned': 57, 'positive': 39, 'negative': 14, 'neutral': 4}, {'name': 'Location', 'description': 'Location', 'total_mentioned': 110, 'positive': 100, 'negative': 4, 'neutral': 6}, {'name': 'Accessibility', 'description': 'Accessibility', 'total_mentioned': 41, 'positive': 9, 'negative': 26, 'neutral': 6}, {'name': 'Service', 'description': 'Service', 'total_mentioned': 120, 'positive': 97, 'negative': 18, 'neutral': 5}, {'name': 'Property', 'description': 'Property', 'total_mentioned': 133, 'positive': 90, 'negative': 33, 'neutral': 10}, {'name': 'Restaurant', 'description': 'Restaurant', 'total_mentioned': 26, 'positive': 19, 'negative': 4, 'neutral': 3}]","Chelsea Pines Inn, 317, 14th Street (PATH) underground passage, Chelsea District, Manhattan, New York County, City of New York, New York, 10011, United States"
Red Roof Inn Durham - Triangle Park,"Understated rooms in a simple hotel offering complimentary coffee, parking & Wi-Fi.","{'latitude': 35.9109626, 'longitude': -78.89227919999999}",35.9109626,-78.89227919999999,2,https://www.redroof.com/property/nc/durham/RRI155?utm_source=GMB&utm_medium=Google&utm_campaign=GMB_Performance_RRI155,"[{'stars': 5, 'count': 263}, {'stars': 4, 'count': 92}, {'stars': 3, 'count': 141}, {'stars': 2, 'count': 93}, {'stars': 1, 'count': 218}]",807,"[{'name': 'Pets', 'description': 'Pets', 'total_mentioned': 17, 'positive': 6, 'negative': 10, 'neutral': 1}, {'name': 'Cleanliness', 'description': 'Cleanliness', 'total_mentioned': 206, 'positive': 66, 'negative': 129, 'neutral': 11}, {'name': 'Service', 'description': 'Service', 'total_mentioned': 174, 'positive': 96, 'negative': 69, 'neutral': 9}, {'name': 'Property', 'description': 'Property', 'total_mentioned': 199, 'positive': 70, 'negative': 112, 'neutral': 17}, {'name': 'Safety', 'description': 'Safety', 'total_mentioned': 26, 'positive': 5, 'negative': 19, 'neutral': 2}, {'name': 'Air Conditioning', 'description': 'Air conditioning', 'total_mentioned': 12, 'positive': 3, 'negative': 9, 'neutral': 0}]","4405, Apex Highway, Durham, Durham County, North Carolina, 27713, United States"
Red Roof Inn Durham - Duke Univ Medical Center,"Unassuming budget hotel offering colorful rooms, as well as complimentary Wi-Fi & parking.","{'latitude': 36.0299858, 'longitude': -78.92354379999999}",36.0299858,-78.92354379999999,2,https://www.redroof.com/property/nc/durham/RRI164?utm_source=GMB&utm_medium=Google&utm_campaign=GMB_Performance_RRI164,"[{'stars': 5, 'count': 430}, {'stars': 4, 'count': 244}, {'stars': 3, 'count': 188}, {'stars': 2, 'count': 111}, {'stars': 1, 'count': 215}]",1188,"[{'name': 'Pets', 'description': 'Pets', 'total_mentioned': 37, 'positive': 21, 'negative': 13, 'neutral': 3}, {'name': 'Cleanliness', 'description': 'Cleanliness', 'total_mentioned': 352, 'positive': 222, 'negative': 110, 'neutral': 20}, {'name': 'Service', 'description': 'Service', 'total_mentioned': 306, 'positive': 194, 'negative': 98, 'neutral': 14}, {'name': 'Wellness', 'description': 'Wellness', 'total_mentioned': 5, 'positive': 1, 'negative': 3, 'neutral': 1}, {'name': 'Property', 'description': 'Property', 'total_mentioned': 326, 'positive': 200, 'negative': 100, 'neutral': 26}, {'name': 'Nightlife', 'description': 'Nightlife', 'total_mentioned': 11, 'positive': 2, 'negative': 8, 'neutral': 1}]","Red Roof Inn Durham Duke University Medical Center, 1915, North Pointe Drive, Duke Homestead, Durham, Durham County, North Carolina, 27705, United States"
TownePlace Suites Wilmington Newark/Christiana,"Informal all-suite hotel featuring an outdoor pool, a fitness center & complimentary hot breakfast.","{'latitude': 39.669871, 'longitude': -75.6712063}",39.669871,-75.6712063,3,https://www.marriott.com/en-us/hotels/ilgts-towneplace-suites-wilmington-newark-christiana/overview/?scid=f2ae0541-1279-4f24-b197-a979c79310b0,"[{'stars': 5, 'count': 173}, {'stars': 4, 'count': 99}, {'stars': 3, 'count': 58}, {'stars': 2, 'count': 17}, {'stars': 1, 'count': 35}]",382,"[{'name': 'Pets', 'description': 'Pets', 'total_mentioned': 10, 'positive': 7, 'negative': 3, 'neutral': 0}, {'name': 'Service', 'description': 'Service', 'total_mentioned': 131, 'positive': 103, 'negative': 22, 'neutral': 6}, {'name': 'Property', 'description': 'Property', 'total_mentioned': 142, 'positive': 97, 'negative': 37, 'neutral': 8}, {'name': 'Cleanliness', 'description': 'Cleanliness', 'total_mentioned': 95, 'positive': 65, 'negative': 26, 'neutral': 4}, {'name': 'Sleep', 'description': 'Sleep', 'total_mentioned': 36, 'positive': 17, 'negative': 19, 'neutral': 0}, {'name': 'Breakfast', 'description': 'Breakfast', 'total_mentioned': 52, 'positive': 29, 'negative': 14, 'neutral': 9}]","TownePlace Suites, 410, Eagle Run Road, Christiana Village, Newark, New Castle County, Delaware, 19702, United States"
SureStay Plus by Best Western Brandywine Valley,"Warm quarters, some with whirlpool tubs, in a relaxed property offering a 24-hour gym & a pool.","{'latitude': 39.786970499999995, 'longitude': -75.5448376}",39.7869705,-75.5448376,3,https://www.bestwestern.com/en_US/book/hotel-rooms.55020.html?iata=90000026&ssob=BLSSH0004G&cid=BLSSH0004G:google:gmb:55020,"[{'stars': 5, 'count': 165}, {'stars': 4, 'count': 106}, {'stars': 3, 'count': 72}, {'stars': 2, 'count': 59}, {'stars': 1, 'count': 126}]",528,"[{'name': 'Location', 'description': 'Location', 'total_mentioned': 36, 'positive': 27, 'negative': 4, 'neutral': 5}, {'name': 'Atmosphere', 'description': 'Atmosphere', 'total_mentioned': 11, 'positive': 11, 'negative': 0, 'neutral': 0}, {'name': 'Fitness', 'description': 'Fitness', 'total_mentioned': 26, 'positive': 17, 'negative': 7, 'neutral': 2}, {'name': 'Pets', 'description': 'Pets', 'total_mentioned': 10, 'positive': 1, 'negative': 6, 'neutral': 3}, {'name': 'Air Conditioning', 'description': 'Air conditioning', 'total_mentioned': 12, 'positive': 3, 'negative': 9, 'neutral': 0}, {'name': 'Parking', 'description': 'Parking', 'total_mentioned': 15, 'positive': 3, 'negative': 12, 'neutral': 0}]","Concord Pike, Fairfax, New Castle County, Delaware, 19803, United States"
Four Points by Sheraton Newark Christiana Wilmington,"Contemporary hotel offering a craft beer bar & a restaurant, plus a gym & free Wi-Fi.","{'latitude': 39.662462999999995, 'longitude': -75.66363}",39.662463,-75.66363,3,https://www.marriott.com/en-us/hotels/ilgfp-four-points-newark-christiana-wilmington/overview/?scid=f2ae0541-1279-4f24-b197-a979c79310b0,"[{'stars': 5, 'count': 359}, {'stars': 4, 'count': 175}, {'stars': 3, 'count': 87}, {'stars': 2, 'count': 43}, {'stars': 1, 'count': 67}]",731,"[{'name': 'Bar', 'description': 'Bar or lounge', 'total_mentioned': 59, 'positive': 40, 'negative': 15, 'neutral': 4}, {'name': 'Couples', 'description': 'Couple friendly', 'total_mentioned': 21, 'positive': 9, 'negative': 8, 'neutral': 4}, {'name': 'Parking', 'description': 'Parking', 'total_mentioned': 13, 'positive': 8, 'negative': 3, 'neutral': 2}, {'name': 'Air Conditioning', 'description': 'Air conditioning', 'total_mentioned': 8, 'positive': 1, 'negative': 7, 'neutral': 0}, {'name': 'Transit', 'description': 'Public transit', 'total_mentioned': 8, 'positive': 5, 'negative': 2, 'neutral': 1}, {'name': 'Safety', 'description': 'Safety', 'total_mentioned': 7, 'positive': 2, 'negative': 4, 'neutral': 1}]","Four Points by Sheraton Newark Christiana Wilmington, 56, Old Baltimore Pike, Christiana Village, Newark, New Castle County, Delaware, 19702, United States"
"Inn At Mendenhall, WorldHotels Crafted","Informal hotel with an old-world restaurant & a casual bar, plus free Wi-Fi, breakfast & parking.","{'latitude': 39.8547656, 'longitude': -75.6411255}",39.8547656,-75.6411255,3,https://www.worldhotels.com/content/luxury-hotels/en_US/book/chadds-ford/hotel-rooms/inn-at-mendenhall/propertyCode.39143.html,"[{'stars': 5, 'count': 364}, {'stars': 4, 'count': 136}, {'stars': 3, 'count': 25}, {'stars': 2, 'count': 15}, {'stars': 1, 'count': 27}]",567,"[{'name': 'Property', 'description': 'Property', 'total_mentioned': 133, 'positive': 109, 'negative': 15, 'neutral': 9}, {'name': 'Service', 'description': 'Service', 'total_mentioned': 156, 'positive': 129, 'negative': 22, 'neutral': 5}, {'name': 'Cleanliness', 'description': 'Cleanliness', 'total_mentioned': 85, 'positive': 78, 'negative': 7, 'neutral': 0}]","The Inn at Mendenhall, 352, Kennett Pike, Deerfield, Mendenhall, Kennett Township, Chester County, Pennsylvania, 19357, United States"
Courtyard Newark-University of Delaware,"Modern hotel offering contemporary rooms with Wi-Fi, plus a restaurant, a business center & a gym.","{'latitude': 39.6887384, 'longitude': -75.759829}",39.6887384,-75.759829,3,https://www.marriott.com/en-us/hotels/ilgud-courtyard-newark-university-of-delaware/overview/?scid=f2ae0541-1279-4f24-b197-a979c79310b0,"[{'stars': 5, 'count': 315}, {'stars': 4, 'count': 132}, {'stars': 3, 'count': 35}, {'stars': 2, 'count': 14}, {'stars': 1, 'count': 24}]",520,"[{'name': 'Couples', 'description': 'Couple friendly', 'total_mentioned': 11, 'positive': 6, 'negative': 2, 'neutral': 3}, {'name': 'Bar', 'description': 'Bar or lounge', 'total_mentioned': 45, 'positive': 34, 'negative': 6, 'neutral': 5}, {'name': 'Business', 'description': 'Business', 'total_mentioned': 23, 'positive': 13, 'negative': 5, 'neutral': 5}, {'name': 'Pool', 'description': 'Pool', 'total_mentioned': 5, 'positive': 3, 'negative': 1, 'neutral': 1}, {'name': 'Bathroom', 'description': 'Bathroom and toiletries', 'total_mentioned': 20, 'positive': 7, 'negative': 12, 'neutral': 1}, {'name': 'Restaurant', 'description': 'Restaurant', 'total_mentioned': 21, 'positive': 14, 'negative': 4, 'neutral': 3}]","Courtyard, 400, David Hollowell Drive, Fairfield Crest, Newark, New Castle County, Delaware, 19716, United States"
Residence Inn Wilmington Downtown,"Informal hotel offering laid-back suites with kitchens, plus a restaurant, a bar & a gym.","{'latitude': 39.748215099999996, 'longitude': -75.5458057}",39.7482151,-75.5458057,3,https://www.marriott.com/en-us/hotels/ilgwd-residence-inn-wilmington-downtown/overview/?scid=f2ae0541-1279-4f24-b197-a979c79310b0,"[{'stars': 5, 'count': 158}, {'stars': 4, 'count': 55}, {'stars': 3, 'count': 27}, {'stars': 2, 'count': 19}, {'stars': 1, 'count': 33}]",292,"[{'name': 'Service', 'description': 'Service', 'total_mentioned': 105, 'positive': 67, 'negative': 29, 'neutral': 9}, {'name': 'Bathroom', 'description': 'Bathroom and toiletries', 'total_mentioned': 27, 'positive': 9, 'negative': 18, 'neutral': 0}, {'name': 'Property', 'description': 'Property', 'total_mentioned': 117, 'positive': 85, 'negative': 23, 'neutral': 9}, {'name': 'Cleanliness', 'description': 'Cleanliness', 'total_mentioned': 61, 'positive': 35, 'negative': 24, 'neutral': 2}, {'name': 'Location', 'description': 'Location', 'total_mentioned': 27, 'positive': 20, 'negative': 6, 'neutral': 1}, {'name': 'Parking', 'description': 'Parking', 'total_mentioned': 40, 'positive': 8, 'negative': 27, 'neutral': 5}]","Residence Inn, 1300, North Market Street, Midtown Brandywine, Wilmington, New Castle County, Delaware, 19801, United States"
SpringHill Suites Newark Liberty International Airport,"Modern all-suite lodging with kitchenettes & an indoor pool, plus free breakfast & airport shuttle.","{'latitude': 40.7097391, 'longitude': -74.1698546}",40.7097391,-74.1698546,3,https://www.marriott.com/en-us/hotels/ewrsa-springhill-suites-newark-liberty-international-airport/overview/?scid=f2ae0541-1279-4f24-b197-a979c79310b0,"[{'stars': 5, 'count': 948}, {'stars': 4, 'count': 623}, {'stars': 3, 'count': 327}, {'stars': 2, 'count': 99}, {'stars': 1, 'count': 165}]",2162,"[{'name': 'Breakfast', 'description': 'Breakfast', 'total_mentioned': 264, 'positive': 176, 'negative': 52, 'neutral': 36}, {'name': 'Service', 'description': 'Service', 'total_mentioned': 447, 'positive': 300, 'negative': 125, 'neutral': 22}, {'name': 'Transit', 'description': 'Public transit', 'total_mentioned': 239, 'positive': 154, 'negative': 38, 'neutral': 47}, {'name': 'Location', 'description': 'Location', 'total_mentioned': 316, 'positive': 183, 'negative': 67, 'neutral': 66}, {'name': 'Property', 'description': 'Property', 'total_mentioned': 533, 'positive': 364, 'negative': 124, 'neutral': 45}, {'name': 'Cleanliness', 'description': 'Cleanliness', 'total_mentioned': 326, 'positive': 236, 'negative': 71, 'neutral': 19}]","SpringHill Suites Newark Liberty International Airport, 652, Executive Drive, Newark, Essex County, New Jersey, 07114, United States"
Fairfield Inn & Suites Newark Liberty International Airport,"No-nonsense hotel with an indoor pool & a gym, plus free Wi-Fi, hot breakfast & an airport shuttle.","{'latitude': 40.7095038, 'longitude': -74.17091309999999}",40.7095038,-74.17091309999999,3,https://www.marriott.com/en-us/hotels/ewrfs-fairfield-inn-and-suites-newark-liberty-international-airport/overview/?scid=f2ae0541-1279-4f24-b197-a979c79310b0,"[{'stars': 5, 'count': 562}, {'stars': 4, 'count': 384}, {'stars': 3, 'count': 193}, {'stars': 2, 'count': 55}, {'stars': 1, 'count': 150}]",1344,"[{'name': 'Service', 'description': 'Service', 'total_mentioned': 333, 'positive': 211, 'negative': 103, 'neutral': 19}, {'name': 'Breakfast', 'description': 'Breakfast', 'total_mentioned': 153, 'positive': 111, 'negative': 21, 'neutral': 21}, {'name': 'Transit', 'description': 'Public transit', 'total_mentioned': 180, 'positive': 113, 'negative': 38, 'neutral': 29}, {'name': 'Location', 'description': 'Location', 'total_mentioned': 195, 'positive': 121, 'negative': 40, 'neutral': 34}, {'name': 'Cleanliness', 'description': 'Cleanliness', 'total_mentioned': 239, 'positive': 160, 'negative': 67, 'neutral': 12}, {'name': 'Property', 'description': 'Property', 'total_mentioned': 296, 'positive': 192, 'negative': 77, 'neutral': 27}]","Fairfield Inn & Suites Newark Liberty International Airport, 618, Executive Drive, Newark, Essex County, New Jersey, 07114, United States"
Cambria Hotel West Orange,"Simple rooms & suites in a low-key hotel with a 24/7 gym & an indoor pool, plus a restaurant/bar.","{'latitude': 40.79602810000001, 'longitude': -74.2549813}",40.79602810000001,-74.2549813,3,https://www.choicehotels.com/new-jersey/west-orange/cambria-hotels/nj313?mc=llgoxxpx,"[{'stars': 5, 'count': 407}, {'stars': 4, 'count': 119}, {'stars': 3, 'count': 67}, {'stars': 2, 'count': 35}, {'stars': 1, 'count': 67}]",695,"[{'name': 'Transit', 'description': 'Public transit', 'total_mentioned': 6, 'positive': 2, 'negative': 3, 'neutral': 1}, {'name': 'Nightlife', 'description': 'Nightlife', 'total_mentioned': 13, 'positive': 9, 'negative': 1, 'neutral': 3}, {'name': 'Gym', 'description': 'Gym', 'total_mentioned': 12, 'positive': 7, 'negative': 4, 'neutral': 1}, {'name': 'Pool', 'description': 'Pool', 'total_mentioned': 10, 'positive': 6, 'negative': 4, 'neutral': 0}, {'name': 'Service', 'description': 'Service', 'total_mentioned': 233, 'positive': 155, 'negative': 66, 'neutral': 12}, {'name': 'Property', 'description': 'Property', 'total_mentioned': 274, 'positive': 200, 'negative': 53, 'neutral': 21}]","Cambria Hotel West Orange, 12, Rooney Circle, West Orange, Essex County, New Jersey, 07052, United States"
TRYP by Wyndham Newark Downtown,"Bright rooms, some with exercise bikes, in a trendy hotel with a free airport shuttle & a gastropub.","{'latitude': 40.7383178, 'longitude': -74.1679982}",40.7383178,-74.1679982,3,https://www.wyndhamhotels.com/tryp/newark-new-jersey/tryp-by-wyndham-newark-downtown/overview?CID=LC:v6v3hkulmqj2jri:48278&iata=00093796,"[{'stars': 5, 'count': 742}, {'stars': 4, 'count': 330}, {'stars': 3, 'count': 133}, {'stars': 2, 'count': 78}, {'stars': 1, 'count': 141}]",1424,"[{'name': 'Service', 'description': 'Service', 'total_mentioned': 387, 'positive': 213, 'negative': 150, 'neutral': 24}, {'name': 'Property', 'description': 'Property', 'total_mentioned': 489, 'positive': 372, 'negative': 79, 'neutral': 38}, {'name': 'Location', 'description': 'Location', 'total_mentioned': 237, 'positive': 168, 'negative': 33, 'neutral': 36}, {'name': 'Cleanliness', 'description': 'Cleanliness', 'total_mentioned': 299, 'positive': 232, 'negative': 53, 'neutral': 14}, {'name': 'Transit', 'description': 'Public transit', 'total_mentioned': 152, 'positive': 93, 'negative': 41, 'neutral': 18}, {'name': 'Sleep', 'description': 'Sleep', 'total_mentioned': 182, 'positive': 86, 'negative': 74, 'neutral': 22}]","TRYP Newark, 24, East Park Street, Teachers Village, Newark, Essex County, New Jersey, 07102, United States"
Renaissance Newark Airport Hotel,"Warm quarters offering a free airport shuttle, plus European dining, a bar & a fitness center.","{'latitude': 40.683468, 'longitude': -74.194025}",40.683468,-74.194025,3,https://www.marriott.com/en-us/hotels/ewrnr-renaissance-newark-airport-hotel/overview/?scid=f2ae0541-1279-4f24-b197-a979c79310b0,"[{'stars': 5, 'count': 1074}, {'stars': 4, 'count': 669}, {'stars': 3, 'count': 263}, {'stars': 2, 'count': 93}, {'stars': 1, 'count': 148}]",2247,"[{'name': 'Transit', 'description': 'Public transit', 'total_mentioned': 305, 'positive': 197, 'negative': 53, 'neutral': 55}, {'name': 'Location', 'description': 'Location', 'total_mentioned': 278, 'positive': 190, 'negative': 46, 'neutral': 42}, {'name': 'Parking', 'description': 'Parking', 'total_mentioned': 155, 'positive': 80, 'negative': 40, 'neutral': 35}, {'name': 'Gym', 'description': 'Gym', 'total_mentioned': 86, 'positive': 73, 'negative': 8, 'neutral': 5}, {'name': 'Fitness', 'description': 'Fitness', 'total_mentioned': 104, 'positive': 81, 'negative': 14, 'neutral': 9}, {'name': 'Bar', 'description': 'Bar or lounge', 'total_mentioned': 122, 'positive': 83, 'negative': 31, 'neutral': 8}]","Renaissance Newark Airport Hotel, Spring Street, Elizabeth, Union County, New Jersey, 07201, United States"
Boardwalk Beach Resort,"Laid-back beachfront hotel with a seasonal cafe, plus an indoor & outdoor pool with a lazy river.","{'latitude': 33.702715399999995, 'longitude': -78.8688229}",33.702715399999995,-78.8688229,3,http://www.boardwalkresort.com/,"[{'stars': 5, 'count': 709}, {'stars': 4, 'count': 365}, {'stars': 3, 'count': 264}, {'stars': 2, 'count': 148}, {'stars': 1, 'count': 477}]",1963,"[{'name': 'Accessibility', 'description': 'Accessibility', 'total_mentioned': 181, 'positive': 8, 'negative': 164, 'neutral': 9}, {'name': 'Cleanliness', 'description': 'Cleanliness', 'total_mentioned': 441, 'positive': 133, 'negative': 286, 'neutral': 22}, {'name': 'Property', 'description': 'Property', 'total_mentioned': 570, 'positive': 171, 'negative': 356, 'neutral': 43}, {'name': 'Bathroom', 'description': 'Bathroom and toiletries', 'total_mentioned': 244, 'positive': 34, 'negative': 198, 'neutral': 12}, {'name': 'Fitness', 'description': 'Fitness', 'total_mentioned': 222, 'positive': 95, 'negative': 109, 'neutral': 18}, {'name': 'Service', 'description': 'Service', 'total_mentioned': 336, 'positive': 106, 'negative': 214, 'neutral': 16}]","Boardwalk Beach Resort, 2301, North Ocean Boulevard, East Chester, Myrtle Beach, Horry County, South Carolina, 29577, United States"
Baywatch Resort in North Myrtle Beach by Vacasa,"Oceanfront resort offering simple quarters with balconies, plus beach access, lazy rivers & dining.","{'latitude': 33.8017527, 'longitude': -78.7128742}",33.8017527,-78.7128742,3,https://www.vacasa.com/usa/Baywatch-Resort/?utm_source=gmb&utm_medium=organic&utm_campaign=GMB-BayWatchResort,"[{'stars': 5, 'count': 2035}, {'stars': 4, 'count': 996}, {'stars': 3, 'count': 405}, {'stars': 2, 'count': 222}, {'stars': 1, 'count': 362}]",4020,"[{'name': 'Service', 'description': 'Service', 'total_mentioned': 711, 'positive': 399, 'negative': 269, 'neutral': 43}, {'name': 'Cleanliness', 'description': 'Cleanliness', 'total_mentioned': 659, 'positive': 329, 'negative': 304, 'neutral': 26}, {'name': 'Fitness', 'description': 'Fitness', 'total_mentioned': 523, 'positive': 365, 'negative': 115, 'neutral': 43}, {'name': 'Property', 'description': 'Property', 'total_mentioned': 963, 'positive': 598, 'negative': 295, 'neutral': 70}, {'name': 'Bathroom', 'description': 'Bathroom and toiletries', 'total_mentioned': 363, 'positive': 128, 'negative': 205, 'neutral': 30}, {'name': 'Accessibility', 'description': 'Accessibility', 'total_mentioned': 173, 'positive': 33, 'negative': 126, 'neutral': 14}]","Bay Watch Resort & Conference Center, 2701, South Ocean Boulevard, Crescent Beach, North Myrtle Beach, Horry County, South Carolina, 29582, United States"
Hawaiian Inn Beach Resort,"Modest studios & suites in a beachfront venue offering kitchenettes, plus pools & mini-golf.","{'latitude': 29.1925417, 'longitude': -80.990971}",29.1925417,-80.990971,3,https://www.hawaiianinn.com/,"[{'stars': 5, 'count': 1107}, {'stars': 4, 'count': 504}, {'stars': 3, 'count': 340}, {'stars': 2, 'count': 195}, {'stars': 1, 'count': 308}]",2454,"[{'name': 'Bar', 'description': 'Bar or lounge', 'total_mentioned': 250, 'positive': 204, 'negative': 29, 'neutral': 17}, {'name': 'Dining', 'description': 'Food and Beverage', 'total_mentioned': 171, 'positive': 138, 'negative': 23, 'neutral': 10}, {'name': 'Nightlife', 'description': 'Nightlife', 'total_mentioned': 76, 'positive': 63, 'negative': 9, 'neutral': 4}, {'name': 'Fitness', 'description': 'Fitness', 'total_mentioned': 455, 'positive': 300, 'negative': 114, 'neutral': 41}, {'name': 'Accessibility', 'description': 'Accessibility', 'total_mentioned': 115, 'positive': 6, 'negative': 102, 'neutral': 7}, {'name': 'Service', 'description': 'Service', 'total_mentioned': 411, 'positive': 203, 'negative': 181, 'neutral': 27}]","Hawaiian Inn Beach Resort, South Atlantic Avenue, Daytona Beach, Volusia County, Florida, 32118, United States"
Palette Resort Myrtle Beach,"Oceanfront property with laid-back quarters & dining, plus a spa, a lazy river & ocean-view pools.","{'latitude': 33.678779999999996, 'longitude': -78.89434299999999}",33.67878,-78.89434299999999,3,https://paletteresort.com/,"[{'stars': 5, 'count': 266}, {'stars': 4, 'count': 181}, {'stars': 3, 'count': 153}, {'stars': 2, 'count': 107}, {'stars': 1, 'count': 548}]",1255,"[{'name': 'Cleanliness', 'description': 'Cleanliness', 'total_mentioned': 458, 'positive': 91, 'negative': 348, 'neutral': 19}, {'name': 'Parking', 'description': 'Parking', 'total_mentioned': 183, 'positive': 25, 'negative': 133, 'neutral': 25}, {'name': 'Service', 'description': 'Service', 'total_mentioned': 415, 'positive': 112, 'negative': 268, 'neutral': 35}, {'name': 'Property', 'description': 'Property', 'total_mentioned': 508, 'positive': 125, 'negative': 342, 'neutral': 41}, {'name': 'Bathroom', 'description': 'Bathroom and toiletries', 'total_mentioned': 251, 'positive': 21, 'negative': 217, 'neutral': 13}, {'name': 'Kitchen', 'description': 'Kitchen', 'total_mentioned': 168, 'positive': 26, 'negative': 131, 'neutral': 11}]","Palette Resort Myrtle Beach by OYO, 703, South Ocean Boulevard, Withers Heights, Myrtle Beach, Horry County, South Carolina, 29577, United States"
Holiday Sands South Vacations,"Oceanfront property with casual rooms & condos, plus pools, dining & a fitness center.","{'latitude': 33.6653447, 'longitude': -78.910319}",33.6653447,-78.910319,3,http://www.holidaysandssouth.com/,"[{'stars': 5, 'count': 642}, {'stars': 4, 'count': 311}, {'stars': 3, 'count': 153}, {'stars': 2, 'count': 74}, {'stars': 1, 'count': 144}]",1324,"[{'name': 'Service', 'description': 'Service', 'total_mentioned': 335, 'positive': 218, 'negative': 95, 'neutral': 22}, {'name': 'Cleanliness', 'description': 'Cleanliness', 'total_mentioned': 302, 'positive': 163, 'negative': 125, 'neutral': 14}, {'name': 'Property', 'description': 'Property', 'total_mentioned': 383, 'positive': 225, 'negative': 125, 'neutral': 33}, {'name': 'Bathroom', 'description': 'Bathroom and toiletries', 'total_mentioned': 159, 'positive': 44, 'negative': 100, 'neutral': 15}, {'name': 'Fitness', 'description': 'Fitness', 'total_mentioned': 146, 'positive': 78, 'negative': 44, 'neutral': 24}, {'name': 'Room', 'description': 'Room amenities', 'total_mentioned': 145, 'positive': 73, 'negative': 63, 'neutral': 9}]","Holiday Sands South, 2411, South Ocean Boulevard, Hurl Rocks, Myrtle Beach, Horry County, South Carolina, 29577, United States"
Paradise Resort,"Modern rooms & condos in a casual resort with pools, restaurants & an exercise room.","{'latitude': 33.6679621, 'longitude': -78.9069304}",33.6679621,-78.9069304,3,http://www.paradiseresortmb.com/,"[{'stars': 5, 'count': 2636}, {'stars': 4, 'count': 1121}, {'stars': 3, 'count': 349}, {'stars': 2, 'count': 177}, {'stars': 1, 'count': 213}]",4496,"[{'name': 'Breakfast', 'description': 'Breakfast', 'total_mentioned': 175, 'positive': 135, 'negative': 32, 'neutral': 8}, {'name': 'Service', 'description': 'Service', 'total_mentioned': 827, 'positive': 636, 'negative': 159, 'neutral': 32}, {'name': 'Fitness', 'description': 'Fitness', 'total_mentioned': 506, 'positive': 341, 'negative': 124, 'neutral': 41}, {'name': 'Property', 'description': 'Property', 'total_mentioned': 1108, 'positive': 840, 'negative': 202, 'neutral': 66}, {'name': 'Cleanliness', 'description': 'Cleanliness', 'total_mentioned': 784, 'positive': 546, 'negative': 209, 'neutral': 29}, {'name': 'Bar', 'description': 'Bar or lounge', 'total_mentioned': 127, 'positive': 94, 'negative': 23, 'neutral': 10}]","Paradise Resort, 2201, South Ocean Boulevard, Seaview Place, Myrtle Beach, Horry County, South Carolina, 29577, United States"
"Bluegreen Vacations Shenandoah Crossing, Ascend Resort Collection","Low-key lakeside retreat offering an outdoor pool, sports facilities, a fitness center & Wi-Fi.","{'latitude': 38.081209, 'longitude': -78.143277}",38.081209,-78.143277,3,https://www.choicehotels.com/virginia/gordonsville/ascend-hotels/va688?mc=llgoxxpx,"[{'stars': 5, 'count': 1163}, {'stars': 4, 'count': 411}, {'stars': 3, 'count': 170}, {'stars': 2, 'count': 65}, {'stars': 1, 'count': 119}]",1928,"[{'name': 'Property', 'description': 'Property', 'total_mentioned': 489, 'positive': 361, 'negative': 82, 'neutral': 46}, {'name': 'Family', 'description': 'Family friendly', 'total_mentioned': 205, 'positive': 173, 'negative': 21, 'neutral': 11}, {'name': 'Service', 'description': 'Service', 'total_mentioned': 297, 'positive': 211, 'negative': 68, 'neutral': 18}, {'name': 'Air Conditioning', 'description': 'Air conditioning', 'total_mentioned': 11, 'positive': 2, 'negative': 8, 'neutral': 1}, {'name': 'Business', 'description': 'Business', 'total_mentioned': 18, 'positive': 2, 'negative': 11, 'neutral': 5}, {'name': 'TV', 'description': 'Room entertainment', 'total_mentioned': 29, 'positive': 2, 'negative': 19, 'neutral': 8}]","Shenandoah Crossing, Marina Trail, Louisa County, Virginia, United States"
Captain's Quarters Resort,"Relaxed, modern lodging on the beach offering indoor/outdoor pools & lazy rivers, plus a water park.","{'latitude': 33.6778063, 'longitude': -78.8962052}",33.6778063,-78.8962052,3,https://www.captainsquarters.com/?cmpid=googleplus&utm_source=google&utm_medium=organic&utm_campaign=gmb&NCK=8433103419,"[{'stars': 5, 'count': 1686}, {'stars': 4, 'count': 1002}, {'stars': 3, 'count': 668}, {'stars': 2, 'count': 497}, {'stars': 1, 'count': 1091}]",4944,"[{'name': 'Fitness', 'description': 'Fitness', 'total_mentioned': 1019, 'positive': 464, 'negative': 458, 'neutral': 97}, {'name': 'Family', 'description': 'Family friendly', 'total_mentioned': 763, 'positive': 434, 'negative': 250, 'neutral': 79}, {'name': 'Cleanliness', 'description': 'Cleanliness', 'total_mentioned': 1177, 'positive': 264, 'negative': 844, 'neutral': 69}, {'name': 'Service', 'description': 'Service', 'total_mentioned': 1109, 'positive': 440, 'negative': 593, 'neutral': 76}, {'name': 'Property', 'description': 'Property', 'total_mentioned': 1516, 'positive': 479, 'negative': 908, 'neutral': 129}, {'name': 'Bathroom', 'description': 'Bathroom and toiletries', 'total_mentioned': 692, 'positive': 86, 'negative': 561, 'neutral': 45}]","Captain's Quarters Resort, 9th Avenue South, Withers Heights, Myrtle Beach, Horry County, South Carolina, 29577, United States"
"Inn at the Peachtrees, Ascend Hotel Collection","Straightforward hotel with a fitness center & on-site cafe, plus free breakfast & WiFi.","{'latitude': 33.76356, 'longitude': -84.3878187}",33.76356,-84.3878187,3,https://www.choicehotels.com/georgia/atlanta/ascend-hotels/ga045?mc=llgoxxpx,"[{'stars': 5, 'count': 469}, {'stars': 4, 'count': 390}, {'stars': 3, 'count': 227}, {'stars': 2, 'count': 132}, {'stars': 1, 'count': 401}]",1619,"[{'name': 'Parking', 'description': 'Parking', 'total_mentioned': 237, 'positive': 46, 'negative': 166, 'neutral': 25}, {'name': 'Breakfast', 'description': 'Breakfast', 'total_mentioned': 278, 'positive': 181, 'negative': 80, 'neutral': 17}, {'name': 'Bathroom', 'description': 'Bathroom and toiletries', 'total_mentioned': 230, 'positive': 24, 'negative': 193, 'neutral': 13}, {'name': 'Cleanliness', 'description': 'Cleanliness', 'total_mentioned': 384, 'positive': 128, 'negative': 230, 'neutral': 26}, {'name': 'Property', 'description': 'Property', 'total_mentioned': 593, 'positive': 229, 'negative': 306, 'neutral': 58}, {'name': 'Sleep', 'description': 'Sleep', 'total_mentioned': 292, 'positive': 59, 'negative': 202, 'neutral': 31}]","Inn At The Peachtrees, Ascend Hotel Collection, 330, West Peachtree Street Northwest, Hotel District, Atlanta, Fulton County, Georgia, 30308, United States"
Beachcomber Beachfront Hotel,Suites with gulf-view balconies in a beachfront hotel offering an outdoor pool & hot tub.,"{'latitude': 30.221952399999996, 'longitude': -85.8892288}",30.2219524,-85.8892288,3,https://www.bythesearesorts.com/beachcomber-beachfront-hotel?utm_source=google&utm_medium=organic&utm_campaign=gbp_listing,"[{'stars': 5, 'count': 685}, {'stars': 4, 'count': 354}, {'stars': 3, 'count': 202}, {'stars': 2, 'count': 107}, {'stars': 1, 'count': 285}]",1633,"[{'name': 'Bathroom', 'description': 'Bathroom and toiletries', 'total_mentioned': 287, 'positive': 48, 'negative': 222, 'neutral': 17}, {'name': 'Service', 'description': 'Service', 'total_mentioned': 451, 'positive': 267, 'negative': 166, 'neutral': 18}, {'name': 'Cleanliness', 'description': 'Cleanliness', 'total_mentioned': 453, 'positive': 203, 'negative': 232, 'neutral': 18}, {'name': 'Property', 'description': 'Property', 'total_mentioned': 535, 'positive': 269, 'negative': 234, 'neutral': 32}, {'name': 'Room', 'description': 'Room amenities', 'total_mentioned': 285, 'positive': 137, 'negative': 123, 'neutral': 25}, {'name': 'Sleep', 'description': 'Sleep', 'total_mentioned': 225, 'positive': 52, 'negative': 147, 'neutral': 26}]","Beachcomber By The Sea, 17101, Front Beach Road, Gulf Resort Beach, Panama City Beach, Bay County, Florida, 32407, United States"
Made Hotel,"Chic quarters in a trendy hotel offering a rooftop bar, Empire State Building views & modern dining.","{'latitude': 40.7461759, 'longitude': -73.9895245}",40.7461759,-73.9895245,3,https://www.madehotels.com/?utm_source=google&utm_medium=organic&utm_campaign=business-listing,"[{'stars': 5, 'count': 540}, {'stars': 4, 'count': 152}, {'stars': 3, 'count': 41}, {'stars': 2, 'count': 18}, {'stars': 1, 'count': 39}]",790,"[{'name': 'Bar', 'description': 'Bar or lounge', 'total_mentioned': 179, 'positive': 147, 'negative': 21, 'neutral': 11}, {'name': 'Property', 'description': 'Property', 'total_mentioned': 290, 'positive': 235, 'negative': 35, 'neutral': 20}, {'name': 'Service', 'description': 'Service', 'total_mentioned': 251, 'positive': 213, 'negative': 33, 'neutral': 5}, {'name': 'Location', 'description': 'Location', 'total_mentioned': 154, 'positive': 142, 'negative': 4, 'neutral': 8}, {'name': 'Dining', 'description': 'Food and Beverage', 'total_mentioned': 80, 'positive': 68, 'negative': 9, 'neutral': 3}, {'name': 'Sleep', 'description': 'Sleep', 'total_mentioned': 110, 'positive': 66, 'negative': 28, 'neutral': 16}]","Made Hotel, 46, West 29th Street, Manhattan Community Board 5, Manhattan, New York County, City of New York, New York, 10001, United States"
Cambria Hotel Raleigh-Durham Airport,"Contemporary suites offering free Wi-Fi & an airport shuttle, plus an indoor pool & a restaurant.","{'latitude': 35.8654477, 'longitude': -78.81466809999999}",35.8654477,-78.81466809999999,3,https://www.choicehotels.com/north-carolina/morrisville/cambria-hotels/nc570?mc=llgoxxpx,"[{'stars': 5, 'count': 584}, {'stars': 4, 'count': 250}, {'stars': 3, 'count': 91}, {'stars': 2, 'count': 66}, {'stars': 1, 'count': 150}]",1141,"[{'name': 'Hot Tub', 'description': 'Hot tub', 'total_mentioned': 32, 'positive': 8, 'negative': 20, 'neutral': 4}, {'name': 'Transit', 'description': 'Public transit', 'total_mentioned': 138, 'positive': 77, 'negative': 35, 'neutral': 26}, {'name': 'Service', 'description': 'Service', 'total_mentioned': 396, 'positive': 254, 'negative': 122, 'neutral': 20}, {'name': 'Spa', 'description': 'Spa', 'total_mentioned': 8, 'positive': 1, 'negative': 5, 'neutral': 2}, {'name': 'Wellness', 'description': 'Wellness', 'total_mentioned': 7, 'positive': 0, 'negative': 6, 'neutral': 1}, {'name': 'Property', 'description': 'Property', 'total_mentioned': 421, 'positive': 299, 'negative': 98, 'neutral': 24}]","Cambria Hotel Raleigh-Durham Airport, 300, Airgate Drive, Morrisville, Wake County, North Carolina, 27560, United States"
Hyatt House Raleigh Durham Airport,Contemporary rooms & suites in hotel offering free breakfast & Wi-Fi plus a 24-hour business center.,"{'latitude': 35.8550099, 'longitude': -78.84069749999999}",35.8550099,-78.84069749999999,3,https://www.hyatt.com/hyatt-house/en-US/rduxm-hyatt-house-raleigh-durham-airport?src=corp_lclb_google_seo_rduxm&%3Futm_source=google&utm_medium=organic&utm_campaign=lmr,"[{'stars': 5, 'count': 494}, {'stars': 4, 'count': 252}, {'stars': 3, 'count': 79}, {'stars': 2, 'count': 28}, {'stars': 1, 'count': 50}]",903,"[{'name': 'Breakfast', 'description': 'Breakfast', 'total_mentioned': 134, 'positive': 110, 'negative': 16, 'neutral': 8}, {'name': 'Restaurant', 'description': 'Restaurant', 'total_mentioned': 66, 'positive': 56, 'negative': 3, 'neutral': 7}, {'name': 'Fitness', 'description': 'Fitness', 'total_mentioned': 37, 'positive': 26, 'negative': 7, 'neutral': 4}, {'name': 'Bar', 'description': 'Bar or lounge', 'total_mentioned': 45, 'positive': 33, 'negative': 8, 'neutral': 4}, {'name': 'Gym', 'description': 'Gym', 'total_mentioned': 11, 'positive': 7, 'negative': 3, 'neutral': 1}, {'name': 'Nightlife', 'description': 'Nightlife', 'total_mentioned': 7, 'positive': 2, 'negative': 4, 'neutral': 1}]","Hyatt House Raleigh Durham Airport, 10962, Chapel Hill Road, Morrisville, Wake County, North Carolina, 27560, United States"
TownePlace Suites Raleigh Cary/Weston Parkway,,"{'latitude': 35.827932, 'longitude': -78.805257}",35.827932,-78.805257,3,https://www.marriott.com/en-us/hotels/rdutw-towneplace-suites-raleigh-cary-weston-parkway/overview/?scid=f2ae0541-1279-4f24-b197-a979c79310b0,"[{'stars': 5, 'count': 183}, {'stars': 4, 'count': 120}, {'stars': 3, 'count': 65}, {'stars': 2, 'count': 30}, {'stars': 1, 'count': 19}]",417,"[{'name': 'Nature', 'description': 'Nature and outdoor activities', 'total_mentioned': 5, 'positive': 4, 'negative': 1, 'neutral': 0}, {'name': 'Service', 'description': 'Service', 'total_mentioned': 121, 'positive': 97, 'negative': 18, 'neutral': 6}, {'name': 'Property', 'description': 'Property', 'total_mentioned': 135, 'positive': 76, 'negative': 42, 'neutral': 17}, {'name': 'Breakfast', 'description': 'Breakfast', 'total_mentioned': 59, 'positive': 40, 'negative': 9, 'neutral': 10}, {'name': 'Pets', 'description': 'Pets', 'total_mentioned': 5, 'positive': 4, 'negative': 1, 'neutral': 0}, {'name': 'Transit', 'description': 'Public transit', 'total_mentioned': 10, 'positive': 9, 'negative': 1, 'neutral': 0}]","TownePlace Suites, 120, Sage Commons Way, Weston, Cary, Wake County, North Carolina, 27513, United States"
The Inn at Montchanin Village & Spa - A Historic Hotel of America,"Secluded, restored 19th-century village offering rooms & suites in refurbished workers' cottages.","{'latitude': 39.7906502, 'longitude': -75.5887699}",39.7906502,-75.5887699,4,http://www.montchanin.com/,"[{'stars': 5, 'count': 112}, {'stars': 4, 'count': 35}, {'stars': 3, 'count': 8}, {'stars': 2, 'count': 6}, {'stars': 1, 'count': 13}]",174,"[{'name': 'Property', 'description': 'Property', 'total_mentioned': 41, 'positive': 30, 'negative': 10, 'neutral': 1}, {'name': 'Dining', 'description': 'Food and Beverage', 'total_mentioned': 23, 'positive': 19, 'negative': 4, 'neutral': 0}, {'name': 'Location', 'description': 'Location', 'total_mentioned': 12, 'positive': 10, 'negative': 2, 'neutral': 0}, {'name': 'Sleep', 'description': 'Sleep', 'total_mentioned': 15, 'positive': 5, 'negative': 9, 'neutral': 1}]","Montchanin Historic District, Kirk Road, Montchanin, Greenville, New Castle County, Delaware, 19710, United States"
"Envue, Autograph Collection",Fashionable riverside hotel featuring a hip rooftop bar/restaurant with Manhattan skyline views.,"{'latitude': 40.7772674, 'longitude': -74.0111632}",40.7772674,-74.0111632,4,https://www.marriott.com/en-us/hotels/lgaaw-envue-autograph-collection/overview/?scid=f2ae0541-1279-4f24-b197-a979c79310b0,"[{'stars': 5, 'count': 572}, {'stars': 4, 'count': 125}, {'stars': 3, 'count': 62}, {'stars': 2, 'count': 48}, {'stars': 1, 'count': 129}]",936,"[{'name': 'Pool', 'description': 'Pool', 'total_mentioned': 11, 'positive': 8, 'negative': 3, 'neutral': 0}, {'name': 'Service', 'description': 'Service', 'total_mentioned': 308, 'positive': 156, 'negative': 138, 'neutral': 14}, {'name': 'Property', 'description': 'Property', 'total_mentioned': 265, 'positive': 182, 'negative': 67, 'neutral': 16}, {'name': 'Room', 'description': 'Room amenities', 'total_mentioned': 199, 'positive': 125, 'negative': 55, 'neutral': 19}, {'name': 'Cleanliness', 'description': 'Cleanliness', 'total_mentioned': 121, 'positive': 78, 'negative': 38, 'neutral': 5}, {'name': 'Location', 'description': 'Location', 'total_mentioned': 126, 'positive': 99, 'negative': 19, 'neutral': 8}]","EnVue, 550, Avenue at Port Imperial, Weehawken, Hudson County, New Jersey, 07086, United States"
AKA Sutton Place,"Trendy apartments in a contemporary hotel featuring a sleek bar, a 24-hour gym & an indoor pool.","{'latitude': 40.7579627, 'longitude': -73.9645773}",40.7579627,-73.9645773,4,http://www.stayaka.com/aka-sutton-place,"[{'stars': 5, 'count': 66}, {'stars': 4, 'count': 12}, {'stars': 3, 'count': 2}, {'stars': 2, 'count': 1}, {'stars': 1, 'count': 3}]",84,"[{'name': 'Service', 'description': 'Service', 'total_mentioned': 33, 'positive': 30, 'negative': 2, 'neutral': 1}, {'name': 'Bar', 'description': 'Bar or lounge', 'total_mentioned': 7, 'positive': 6, 'negative': 1, 'neutral': 0}, {'name': 'Property', 'description': 'Property', 'total_mentioned': 22, 'positive': 20, 'negative': 0, 'neutral': 2}, {'name': 'Room', 'description': 'Room amenities', 'total_mentioned': 8, 'positive': 7, 'negative': 1, 'neutral': 0}, {'name': 'Location', 'description': 'Location', 'total_mentioned': 8, 'positive': 8, 'negative': 0, 'neutral': 0}, {'name': 'Cleanliness', 'description': 'Cleanliness', 'total_mentioned': 5, 'positive': 4, 'negative': 1, 'neutral': 0}]","AKA Sutton Place, 330, East 56th Street, Sutton, Manhattan Community Board 6, Manhattan, New York County, City of New York, New York, 10022, United States"
The Empire Hotel,"Upscale hotel with modern rooms & suites, plus a seafood restaurant & a seasonal rooftop pool.","{'latitude': 40.7714959, 'longitude': -73.9826673}",40.7714959,-73.9826673,4,https://www.empirehotelnyc.com/?utm_source=google&utm_medium=organic&utm_campaign=gbp_listing,"[{'stars': 5, 'count': 2064}, {'stars': 4, 'count': 1384}, {'stars': 3, 'count': 651}, {'stars': 2, 'count': 299}, {'stars': 1, 'count': 490}]",4888,"[{'name': 'Bar', 'description': 'Bar or lounge', 'total_mentioned': 589, 'positive': 386, 'negative': 129, 'neutral': 74}, {'name': 'Pool', 'description': 'Pool', 'total_mentioned': 123, 'positive': 58, 'negative': 52, 'neutral': 13}, {'name': 'Fitness', 'description': 'Fitness', 'total_mentioned': 249, 'positive': 83, 'negative': 138, 'neutral': 28}, {'name': 'Location', 'description': 'Location', 'total_mentioned': 940, 'positive': 730, 'negative': 116, 'neutral': 94}, {'name': 'Room', 'description': 'Room amenities', 'total_mentioned': 656, 'positive': 171, 'negative': 427, 'neutral': 58}, {'name': 'Air Conditioning', 'description': 'Air conditioning', 'total_mentioned': 240, 'positive': 9, 'negative': 214, 'neutral': 17}]","P.J. Clarkeâ€™s, 44, West 63rd Street, Upper West Side, Manhattan, New York County, City of New York, New York, 10023, United States"
Soho House New York,"Hip hotel in a private club featuring a trendy Italian restaurant, a rooftop pool & a spa.","{'latitude': 40.7406374, 'longitude': -74.00592309999999}",40.7406374,-74.00592309999999,4,https://www.sohohouse.com/houses/soho-house-new-york?utm_source=google&utm_medium=organic&utm_campaign=googlemybusiness,"[{'stars': 5, 'count': 1121}, {'stars': 4, 'count': 304}, {'stars': 3, 'count': 87}, {'stars': 2, 'count': 30}, {'stars': 1, 'count': 44}]",1586,"[{'name': 'Bar', 'description': 'Bar or lounge', 'total_mentioned': 132, 'positive': 107, 'negative': 15, 'neutral': 10}, {'name': 'Pool', 'description': 'Pool', 'total_mentioned': 28, 'positive': 23, 'negative': 1, 'neutral': 4}, {'name': 'Dining', 'description': 'Food and Beverage', 'total_mentioned': 151, 'positive': 124, 'negative': 17, 'neutral': 10}, {'name': 'Fitness', 'description': 'Fitness', 'total_mentioned': 52, 'positive': 38, 'negative': 7, 'neutral': 7}, {'name': 'Nightlife', 'description': 'Nightlife', 'total_mentioned': 52, 'positive': 37, 'negative': 8, 'neutral': 7}, {'name': 'Business', 'description': 'Business', 'total_mentioned': 23, 'positive': 18, 'negative': 2, 'neutral': 3}]","Soho House New York, 9th Avenue, Meatpacking District, Manhattan, New York County, City of New York, New York, 10014, United States"
The Lombardy,"Updated 1926 landmark offering modern rooms & suites, a glamorous seafood eatery & an espresso bar.","{'latitude': 40.760734299999996, 'longitude': -73.9704507}",40.7607343,-73.9704507,4,http://www.lombardyhotel.com/,"[{'stars': 5, 'count': 262}, {'stars': 4, 'count': 102}, {'stars': 3, 'count': 26}, {'stars': 2, 'count': 18}, {'stars': 1, 'count': 29}]",437,"[{'name': 'Location', 'description': 'Location', 'total_mentioned': 93, 'positive': 83, 'negative': 2, 'neutral': 8}, {'name': 'Property', 'description': 'Property', 'total_mentioned': 149, 'positive': 121, 'negative': 20, 'neutral': 8}, {'name': 'Breakfast', 'description': 'Breakfast', 'total_mentioned': 39, 'positive': 15, 'negative': 16, 'neutral': 8}, {'name': 'Kitchen', 'description': 'Kitchen', 'total_mentioned': 32, 'positive': 14, 'negative': 10, 'neutral': 8}, {'name': 'Service', 'description': 'Service', 'total_mentioned': 118, 'positive': 95, 'negative': 20, 'neutral': 3}, {'name': 'Room', 'description': 'Room amenities', 'total_mentioned': 41, 'positive': 18, 'negative': 19, 'neutral': 4}]","American Cut Steakhouse Midtown, 109, East 56th Street, Sutton, Manhattan Community Board 5, Manhattan, New York County, City of New York, New York, 10022, United States"
Hyatt Grand Central New York,"Sleek property offering polished rooms with Wi-Fi access, plus a fitness center.","{'latitude': 40.7520617, 'longitude': -73.9762995}",40.7520617,-73.9762995,4,https://www.hyatt.com/en-US/hotel/new-york/hyatt-grand-central-new-york/nycgh?src=corp_lclb_google_seo_nycgh&%3Futm_source=google&utm_medium=organic&utm_campaign=lmr,"[{'stars': 5, 'count': 3600}, {'stars': 4, 'count': 2184}, {'stars': 3, 'count': 870}, {'stars': 2, 'count': 411}, {'stars': 1, 'count': 616}]",7681,"[{'name': 'Location', 'description': 'Location', 'total_mentioned': 1521, 'positive': 1232, 'negative': 170, 'neutral': 119}, {'name': 'Service', 'description': 'Service', 'total_mentioned': 1562, 'positive': 903, 'negative': 581, 'neutral': 78}, {'name': 'Property', 'description': 'Property', 'total_mentioned': 1917, 'positive': 1176, 'negative': 567, 'neutral': 174}, {'name': 'Bathroom', 'description': 'Bathroom and toiletries', 'total_mentioned': 602, 'positive': 69, 'negative': 483, 'neutral': 50}, {'name': 'Business', 'description': 'Business', 'total_mentioned': 230, 'positive': 132, 'negative': 48, 'neutral': 50}, {'name': 'Bar', 'description': 'Bar or lounge', 'total_mentioned': 300, 'positive': 145, 'negative': 122, 'neutral': 33}]","Grand Hyatt New York, 109, East 42nd Street, Manhattan Community Board 5, Manhattan, New York County, City of New York, New York, 10017, United States"
Ink 48 Hotel,"Contemporary rooms offering river & city views, plus a buzzy rooftop lounge & stylish restaurant.","{'latitude': 40.764568, 'longitude': -73.995995}",40.764568,-73.995995,4,https://www.ink48.com/,"[{'stars': 5, 'count': 1377}, {'stars': 4, 'count': 598}, {'stars': 3, 'count': 176}, {'stars': 2, 'count': 104}, {'stars': 1, 'count': 195}]",2450,"[{'name': 'Bar', 'description': 'Bar or lounge', 'total_mentioned': 432, 'positive': 306, 'negative': 82, 'neutral': 44}, {'name': 'Nature', 'description': 'Nature and outdoor activities', 'total_mentioned': 106, 'positive': 104, 'negative': 1, 'neutral': 1}, {'name': 'Room', 'description': 'Room amenities', 'total_mentioned': 405, 'positive': 245, 'negative': 125, 'neutral': 35}, {'name': 'Service', 'description': 'Service', 'total_mentioned': 678, 'positive': 457, 'negative': 186, 'neutral': 35}, {'name': 'Dining', 'description': 'Food and Beverage', 'total_mentioned': 262, 'positive': 175, 'negative': 57, 'neutral': 30}, {'name': 'Property', 'description': 'Property', 'total_mentioned': 718, 'positive': 533, 'negative': 135, 'neutral': 50}]","Ink 48 Hotel, 653, 11th Avenue, Clinton, Manhattan Community Board 4, Manhattan, New York County, City of New York, New York, 10036, United States"
Arthouse Hotel New York City,Contemporary rooms in a fashionable lodging with a 1920s-inspired bar & an Italian eatery.,"{'latitude': 40.782159799999995, 'longitude': -73.98033509999999}",40.7821598,-73.98033509999999,4,https://www.arthousehotelnyc.com/,"[{'stars': 5, 'count': 1050}, {'stars': 4, 'count': 533}, {'stars': 3, 'count': 181}, {'stars': 2, 'count': 87}, {'stars': 1, 'count': 176}]",2027,"[{'name': 'Bar', 'description': 'Bar or lounge', 'total_mentioned': 259, 'positive': 203, 'negative': 29, 'neutral': 27}, {'name': 'Location', 'description': 'Location', 'total_mentioned': 432, 'positive': 379, 'negative': 30, 'neutral': 23}, {'name': 'Service', 'description': 'Service', 'total_mentioned': 574, 'positive': 383, 'negative': 160, 'neutral': 31}, {'name': 'Property', 'description': 'Property', 'total_mentioned': 703, 'positive': 495, 'negative': 145, 'neutral': 63}, {'name': 'Nightlife', 'description': 'Nightlife', 'total_mentioned': 81, 'positive': 62, 'negative': 13, 'neutral': 6}, {'name': 'Dining', 'description': 'Food and Beverage', 'total_mentioned': 166, 'positive': 135, 'negative': 15, 'neutral': 16}]","Arthouse Hotel, 2178, Broadway, Upper West Side, Manhattan, New York County, City of New York, New York, 10024, United States"
Dream Downtown,"Sleek hotel offering loft-style rooms, plus an outdoor pool & buzzy rooftop lounge.","{'latitude': 40.7423311, 'longitude': -74.00347909999999}",40.7423311,-74.00347909999999,4,https://www.dreamhotels.com/downtown/default-en.html?utm_source=local-directories&utm_medium=organic&utm_campaign=travelclick-localconnect,"[{'stars': 5, 'count': 1343}, {'stars': 4, 'count': 905}, {'stars': 3, 'count': 423}, {'stars': 2, 'count': 212}, {'stars': 1, 'count': 318}]",3201,"[{'name': 'Pool', 'description': 'Pool', 'total_mentioned': 119, 'positive': 77, 'negative': 26, 'neutral': 16}, {'name': 'Fitness', 'description': 'Fitness', 'total_mentioned': 252, 'positive': 119, 'negative': 100, 'neutral': 33}, {'name': 'Nightlife', 'description': 'Nightlife', 'total_mentioned': 309, 'positive': 103, 'negative': 140, 'neutral': 66}, {'name': 'Bar', 'description': 'Bar or lounge', 'total_mentioned': 346, 'positive': 209, 'negative': 86, 'neutral': 51}, {'name': 'Sleep', 'description': 'Sleep', 'total_mentioned': 491, 'positive': 80, 'negative': 344, 'neutral': 67}, {'name': 'Property', 'description': 'Property', 'total_mentioned': 953, 'positive': 539, 'negative': 297, 'neutral': 117}]","Electric Room, 355, West 16th Street, Manhattan Community Board 4, Manhattan, New York County, City of New York, New York, 10011, United States"
Hotel Park Ave (Formerly Mondrian Park Avenue),"Plush property featuring a Mediterranean restaurant, a rooftop bar & an ultra-hip nightclub.","{'latitude': 40.7448048, 'longitude': -73.9832943}",40.7448048,-73.9832943,4,https://mondrianhotels.com/park-avenue/?utm_source=google&utm_medium=organic&utm_campaign=gmb-website&utm_content=website_button,"[{'stars': 5, 'count': 407}, {'stars': 4, 'count': 174}, {'stars': 3, 'count': 82}, {'stars': 2, 'count': 54}, {'stars': 1, 'count': 146}]",863,"[{'name': 'Bar', 'description': 'Bar or lounge', 'total_mentioned': 73, 'positive': 40, 'negative': 25, 'neutral': 8}, {'name': 'Service', 'description': 'Service', 'total_mentioned': 261, 'positive': 129, 'negative': 118, 'neutral': 14}, {'name': 'Room', 'description': 'Room amenities', 'total_mentioned': 131, 'positive': 37, 'negative': 84, 'neutral': 10}, {'name': 'Breakfast', 'description': 'Breakfast', 'total_mentioned': 83, 'positive': 33, 'negative': 41, 'neutral': 9}, {'name': 'Property', 'description': 'Property', 'total_mentioned': 268, 'positive': 140, 'negative': 98, 'neutral': 30}, {'name': 'Bathroom', 'description': 'Bathroom and toiletries', 'total_mentioned': 92, 'positive': 25, 'negative': 61, 'neutral': 6}]","Mondrian Park Avenue, 444, Park Avenue South, Manhattan Community Board 5, Manhattan, New York County, City of New York, New York, 10016, United States"
21c Museum Hotel Durham,"Stylish boutique hotel offering a spa, an art gallery & an industrial-chic restaurant with a bar.","{'latitude': 35.996059699999996, 'longitude': -78.9017867}",35.9960597,-78.9017867,4,http://www.21cmuseumhotels.com/durham/,"[{'stars': 5, 'count': 1258}, {'stars': 4, 'count': 454}, {'stars': 3, 'count': 130}, {'stars': 2, 'count': 83}, {'stars': 1, 'count': 82}]",2007,"[{'name': 'Wellness', 'description': 'Wellness', 'total_mentioned': 39, 'positive': 24, 'negative': 10, 'neutral': 5}, {'name': 'Spa', 'description': 'Spa', 'total_mentioned': 33, 'positive': 20, 'negative': 9, 'neutral': 4}, {'name': 'Couples', 'description': 'Couple friendly', 'total_mentioned': 56, 'positive': 35, 'negative': 9, 'neutral': 12}, {'name': 'Bar', 'description': 'Bar or lounge', 'total_mentioned': 244, 'positive': 187, 'negative': 34, 'neutral': 23}, {'name': 'Dining', 'description': 'Food and Beverage', 'total_mentioned': 254, 'positive': 189, 'negative': 40, 'neutral': 25}, {'name': 'Nightlife', 'description': 'Nightlife', 'total_mentioned': 26, 'positive': 14, 'negative': 4, 'neutral': 8}]","111, North Corcoran Street, American Tobacco Historic District, Five Points, Durham, Durham County, North Carolina, 27701, United States"
The Durham Hotel,"Stylish rooms in a hip hotel with a sleek restaurant, plus a vibrant rooftop lounge with a raw bar.","{'latitude': 35.9970358, 'longitude': -78.90091819999999}",35.9970358,-78.90091819999999,4,https://thedurham.com/?utm_source=gmb&utm_medium=organic&utm_campaign=listing,"[{'stars': 5, 'count': 808}, {'stars': 4, 'count': 307}, {'stars': 3, 'count': 69}, {'stars': 2, 'count': 28}, {'stars': 1, 'count': 33}]",1245,"[{'name': 'Bar', 'description': 'Bar or lounge', 'total_mentioned': 397, 'positive': 325, 'negative': 44, 'neutral': 28}, {'name': 'Nature', 'description': 'Nature and outdoor activities', 'total_mentioned': 41, 'positive': 40, 'negative': 0, 'neutral': 1}, {'name': 'Nightlife', 'description': 'Nightlife', 'total_mentioned': 54, 'positive': 42, 'negative': 9, 'neutral': 3}, {'name': 'Dining', 'description': 'Food and Beverage', 'total_mentioned': 279, 'positive': 225, 'negative': 34, 'neutral': 20}, {'name': 'Couples', 'description': 'Couple friendly', 'total_mentioned': 24, 'positive': 15, 'negative': 4, 'neutral': 5}, {'name': 'Service', 'description': 'Service', 'total_mentioned': 201, 'positive': 154, 'negative': 36, 'neutral': 11}]","The Durham Hotel, 315, East Chapel Hill Street, American Tobacco Historic District, Five Points, Durham, Durham County, North Carolina, 27701, United States"
Washington Duke Inn & Golf Club,"Elegant hotel set on 300 acres offering luxe quarters, a golf course & multiple dining options.","{'latitude': 35.9928204, 'longitude': -78.9474455}",35.9928204,-78.9474455,4,http://www.washingtondukeinn.com/,"[{'stars': 5, 'count': 1127}, {'stars': 4, 'count': 257}, {'stars': 3, 'count': 46}, {'stars': 2, 'count': 24}, {'stars': 1, 'count': 21}]",1475,"[{'name': 'Couples', 'description': 'Couple friendly', 'total_mentioned': 26, 'positive': 17, 'negative': 2, 'neutral': 7}, {'name': 'Dining', 'description': 'Food and Beverage', 'total_mentioned': 195, 'positive': 168, 'negative': 15, 'neutral': 12}, {'name': 'Nature', 'description': 'Nature and outdoor activities', 'total_mentioned': 14, 'positive': 14, 'negative': 0, 'neutral': 0}, {'name': 'Fitness', 'description': 'Fitness', 'total_mentioned': 108, 'positive': 90, 'negative': 6, 'neutral': 12}, {'name': 'Bar', 'description': 'Bar or lounge', 'total_mentioned': 112, 'positive': 84, 'negative': 16, 'neutral': 12}, {'name': 'Nightlife', 'description': 'Nightlife', 'total_mentioned': 16, 'positive': 10, 'negative': 4, 'neutral': 2}]","Duke University Golf Club, Al Buehler Trail, Durham, Durham County, North Carolina, 27708, United States"
HOTEL DU PONT,"Landmark 1900s hotel featuring refined rooms & suites, plus a fine-dining restaurant, a bar & a spa.","{'latitude': 39.7464836, 'longitude': -75.54784579999999}",39.7464836,-75.54784579999999,5,https://www.hoteldupont.com/?utm_source=google&utm_medium=organic&utm_campaign=gbp_listing,"[{'stars': 5, 'count': 967}, {'stars': 4, 'count': 295}, {'stars': 3, 'count': 94}, {'stars': 2, 'count': 38}, {'stars': 1, 'count': 105}]",1499,"[{'name': 'Couples', 'description': 'Couple friendly', 'total_mentioned': 88, 'positive': 57, 'negative': 15, 'neutral': 16}, {'name': 'Property', 'description': 'Property', 'total_mentioned': 458, 'positive': 364, 'negative': 57, 'neutral': 37}, {'name': 'Service', 'description': 'Service', 'total_mentioned': 346, 'positive': 255, 'negative': 81, 'neutral': 10}, {'name': 'Bathroom', 'description': 'Bathroom and toiletries', 'total_mentioned': 64, 'positive': 23, 'negative': 36, 'neutral': 5}, {'name': 'Dining', 'description': 'Food and Beverage', 'total_mentioned': 124, 'positive': 83, 'negative': 31, 'neutral': 10}, {'name': 'Nightlife', 'description': 'Nightlife', 'total_mentioned': 40, 'positive': 29, 'negative': 4, 'neutral': 7}]","Rodney Square Historic District, Shipley Street, Downtown, Wilmington, New Castle County, Delaware, 19801, United States"
"The Surrey, A Corinthia Hotel","Famed 1926 lodging with contemporary rooms & a gym, plus a luxe spa & a Daniel Boulud eatery.","{'latitude': 40.7745247, 'longitude': -73.9639955}",40.7745247,-73.9639955,5,https://www.corinthia.com/en-gb/the-surrey/,"[{'stars': 5, 'count': 207}, {'stars': 4, 'count': 49}, {'stars': 3, 'count': 21}, {'stars': 2, 'count': 12}, {'stars': 1, 'count': 17}]",306,"[{'name': 'Wellness', 'description': 'Wellness', 'total_mentioned': 5, 'positive': 5, 'negative': 0, 'neutral': 0}, {'name': 'Bar', 'description': 'Bar or lounge', 'total_mentioned': 26, 'positive': 20, 'negative': 4, 'neutral': 2}, {'name': 'Service', 'description': 'Service', 'total_mentioned': 66, 'positive': 52, 'negative': 12, 'neutral': 2}, {'name': 'Property', 'description': 'Property', 'total_mentioned': 71, 'positive': 57, 'negative': 9, 'neutral': 5}, {'name': 'Dining', 'description': 'Food and Beverage', 'total_mentioned': 23, 'positive': 16, 'negative': 5, 'neutral': 2}, {'name': 'Location', 'description': 'Location', 'total_mentioned': 36, 'positive': 30, 'negative': 4, 'neutral': 2}]","The Surrey, 20, East 76th Street, Upper East Side, Manhattan, New York County, City of New York, New York, 10021, United States"
The Chatwal - The Unbound Collection by Hyatt,Luxe rooms & suites with butler services in a swanky hotel featuring a spa & a chic restaurant/bar.,"{'latitude': 40.756518299999996, 'longitude': -73.9846017}",40.7565183,-73.9846017,5,https://www.hyatt.com/en-US/hotel/new-york/the-chatwal/nycuc??src=corp_lclb_google_seo_nycuc&?utm_source=google&utm_medium=organic&utm_campaign=lmr,"[{'stars': 5, 'count': 264}, {'stars': 4, 'count': 42}, {'stars': 3, 'count': 14}, {'stars': 2, 'count': 5}, {'stars': 1, 'count': 17}]",342,"[{'name': 'Wellness', 'description': 'Wellness', 'total_mentioned': 10, 'positive': 6, 'negative': 3, 'neutral': 1}, {'name': 'Spa', 'description': 'Spa', 'total_mentioned': 7, 'positive': 4, 'negative': 3, 'neutral': 0}, {'name': 'Service', 'description': 'Service', 'total_mentioned': 121, 'positive': 105, 'negative': 14, 'neutral': 2}, {'name': 'Fitness', 'description': 'Fitness', 'total_mentioned': 14, 'positive': 9, 'negative': 4, 'neutral': 1}, {'name': 'Bar', 'description': 'Bar or lounge', 'total_mentioned': 30, 'positive': 27, 'negative': 1, 'neutral': 2}, {'name': 'Property', 'description': 'Property', 'total_mentioned': 129, 'positive': 108, 'negative': 17, 'neutral': 4}]","The Lambs Club, 130, West 44th Street, Manhattan Community Board 5, Manhattan, New York County, City of New York, New York, 10036, United States"
"Mandarin Oriental, New York","Luxe rooms in an upscale high-rise lodging with a refined spa, modern American dining & a bar.","{'latitude': 40.7689873, 'longitude': -73.98301719999999}",40.7689873,-73.98301719999999,5,https://www.mandarinoriental.com/en/new-york/manhattan?src=loc.yext.monyc.ggl,"[{'stars': 5, 'count': 1142}, {'stars': 4, 'count': 231}, {'stars': 3, 'count': 75}, {'stars': 2, 'count': 28}, {'stars': 1, 'count': 50}]",1526,"[{'name': 'Wellness', 'description': 'Wellness', 'total_mentioned': 38, 'positive': 29, 'negative': 6, 'neutral': 3}, {'name': 'Nature', 'description': 'Nature and outdoor activities', 'total_mentioned': 70, 'positive': 67, 'negative': 0, 'neutral': 3}, {'name': 'Bar', 'description': 'Bar or lounge', 'total_mentioned': 158, 'positive': 114, 'negative': 24, 'neutral': 20}, {'name': 'Spa', 'description': 'Spa', 'total_mentioned': 30, 'positive': 25, 'negative': 4, 'neutral': 1}, {'name': 'Dining', 'description': 'Food and Beverage', 'total_mentioned': 113, 'positive': 79, 'negative': 22, 'neutral': 12}, {'name': 'Service', 'description': 'Service', 'total_mentioned': 336, 'positive': 270, 'negative': 53, 'neutral': 13}]","Deutsche Bank Center, 102, Columbus Circle, Manhattan, New York County, City of New York, New York, 10023, United States"
Four Seasons Hotel New York,"Chic, refined rooms in a posh Midtown hotel offering a polished restaurant, a spa & a swanky bar.","{'latitude': 40.7624126, 'longitude': -73.9712653}",40.7624126,-73.9712653,5,https://www.fourseasons.com/newyork/?utm_source=google&utm_medium=organicsearch&utm_campaign=tor-nyf-hre-mid-seo-na&utm_content=na-na&utm_term=na,"[{'stars': 5, 'count': 808}, {'stars': 4, 'count': 181}, {'stars': 3, 'count': 37}, {'stars': 2, 'count': 13}, {'stars': 1, 'count': 34}]",1073,"[{'name': 'Bar', 'description': 'Bar or lounge', 'total_mentioned': 68, 'positive': 53, 'negative': 8, 'neutral': 7}, {'name': 'Dining', 'description': 'Food and Beverage', 'total_mentioned': 69, 'positive': 55, 'negative': 6, 'neutral': 8}, {'name': 'Wellness', 'description': 'Wellness', 'total_mentioned': 8, 'positive': 6, 'negative': 1, 'neutral': 1}, {'name': 'Service', 'description': 'Service', 'total_mentioned': 178, 'positive': 157, 'negative': 12, 'neutral': 9}, {'name': 'Property', 'description': 'Property', 'total_mentioned': 159, 'positive': 147, 'negative': 7, 'neutral': 5}, {'name': 'Breakfast', 'description': 'Breakfast', 'total_mentioned': 36, 'positive': 28, 'negative': 6, 'neutral': 2}]","Four Seasons Hotel, 57, East 57th Street, Manhattan Community Board 5, Manhattan, New York County, City of New York, New York, 10022, United States"
The Umstead Hotel and Spa,"Plush rooms & suites in woodsy environs, plus fine dining, an outdoor pool, a lake, a spa & a gym.","{'latitude': 35.829830099999995, 'longitude': -78.7641448}",35.829830099999995,-78.7641448,5,http://www.theumstead.com/?utm_source=google-local&utm_medium=organic&utm_campaign=gmb,"[{'stars': 5, 'count': 1542}, {'stars': 4, 'count': 171}, {'stars': 3, 'count': 43}, {'stars': 2, 'count': 35}, {'stars': 1, 'count': 72}]",1863,"[{'name': 'Wellness', 'description': 'Wellness', 'total_mentioned': 277, 'positive': 203, 'negative': 51, 'neutral': 23}, {'name': 'Spa', 'description': 'Spa', 'total_mentioned': 227, 'positive': 166, 'negative': 42, 'neutral': 19}, {'name': 'Couples', 'description': 'Couple friendly', 'total_mentioned': 82, 'positive': 62, 'negative': 9, 'neutral': 11}, {'name': 'Nature', 'description': 'Nature and outdoor activities', 'total_mentioned': 25, 'positive': 23, 'negative': 0, 'neutral': 2}, {'name': 'Service', 'description': 'Service', 'total_mentioned': 519, 'positive': 439, 'negative': 59, 'neutral': 21}, {'name': 'Bar', 'description': 'Bar or lounge', 'total_mentioned': 168, 'positive': 134, 'negative': 22, 'neutral': 12}]","The Umstead Hotel and Spa, Woodland Pond Drive, Cary, Wake County, North Carolina, United States"
Morehead Manor Bed and Breakfast,"Colonial revival manor house offering 3 cozy, upscale rooms & an airy suite, plus free desserts.","{'latitude': 35.9918739, 'longitude': -78.9122402}",35.9918739,-78.9122402,5,https://www.moreheadmanor.com/?utm_source=google&utm_medium=GMB,"[{'stars': 5, 'count': 226}, {'stars': 4, 'count': 3}, {'stars': 3, 'count': 2}, {'stars': 2, 'count': 0}, {'stars': 1, 'count': 4}]",235,"[{'name': 'Couples', 'description': 'Couple friendly', 'total_mentioned': 14, 'positive': 13, 'negative': 0, 'neutral': 1}, {'name': 'Spa', 'description': 'Spa', 'total_mentioned': 5, 'positive': 5, 'negative': 0, 'neutral': 0}, {'name': 'Wellness', 'description': 'Wellness', 'total_mentioned': 5, 'positive': 5, 'negative': 0, 'neutral': 0}, {'name': 'Nightlife', 'description': 'Nightlife', 'total_mentioned': 8, 'positive': 6, 'negative': 1, 'neutral': 1}, {'name': 'Restaurant', 'description': 'Restaurant', 'total_mentioned': 45, 'positive': 44, 'negative': 1, 'neutral': 0}, {'name': 'Breakfast', 'description': 'Breakfast', 'total_mentioned': 85, 'positive': 85, 'negative': 0, 'neutral': 0}]","Morehead Manor Bed & Breakfast, 914, Vickers Avenue, American Tobacco Historic District, Morehead Hill, Durham, Durham County, North Carolina, 27707, United States"
