Name,Coordinates,Latitude,Longitude,Link,Ratings,Reviews,Address,postal_code
"""Riverbend Gem"" - Studio|Courtyard|TPA Heights","{'latitude': 28.001779556274414, 'longitude': -82.46595001220703}",28.00177955627441,-82.46595001220703,https://www.staytealdoor.com/properties/6621a308c6b93b00326b876f,3.3,3,"6002, North Dexter Avenue, Kenilworth Grove, Tampa, Hillsborough County, Florida, 33604, United States",33604
Creek Cabin - Two-Bedroom House,"{'latitude': 28.21503257751465, 'longitude': -82.69864654541016}",28.21503257751465,-82.69864654541016,https://www.google.com/travel/search?q=7008%2C%20Creek%20Drive%2C%20Pasco%20County%2C%20Florida%2C%2034655%2C%20United%20States&ts=CAISCgoCCAMKAggDEAAaHhIcEhQKBwjpDxABGBgSBwjpDxABGBoYAjICEAA4ASoHCgU6A1VTRA&ved=0CAMQyvcEahkKEwjgmsrmrfuJAxUAAAAAHQAAAAAQjsIB&ictx=3&hl=en-US&ap=KigKEgkHn0LMssg7QBH-HiHeRrJUwBISCT5tjKyFyTtAEf4eoZwmslTAMAA&qs=CAAgACgAMidDaGtRdl92MjAtSFl2LTlXR2cwdlp5OHhNWGM0TURSaWNXTnVFQUk4DUgA,3.6,7,"7008, Creek Drive, Pasco County, Florida, 34655, United States",34655
TownePlace Suites by Marriott Tampa North/I-75 Fletcher,"{'latitude': 28.067001342773438, 'longitude': -82.37169647216797}",28.06700134277344,-82.37169647216797,https://deals.vio.com?sig=73aca13c7f952d2641c156f3e69125e1eb497c325f122828ee5aa8797168b9a12d32303331333438363233&turl=https%3A%2F%2Fwww.vio.com%2FHotel%2FSearch%3FhotelId%3D1086202%26utm_source%3Dgha-vr%26utm_campaign%3Dstatic%26openHotelDetails%3D1,3.6,189,"6814, Woodstork Drive, Temple Terrace, Hillsborough County, Florida, 33637, United States",33637
BayCation,"{'latitude': 28.048564910888672, 'longitude': -82.4011001586914}",28.048564910888672,-82.4011001586914,https://www.vacasa.com/unit/118653,3.8,4,"5025, East 110th Avenue, Tampa, Hillsborough County, Florida, 33617, United States",33617
Sunny Studio,"{'latitude': 27.776987075805664, 'longitude': -82.69062042236328}",27.776987075805664,-82.69062042236328,https://cohostalbookings.hospitable.rentals/property/sunny-studio,3.8,8,"4216, 5th Avenue North, Central Oak Park, Saint Petersburg, Pinellas County, Florida, 33713, United States",33713
Tropical Vibe,"{'latitude': 28.02916145324707, 'longitude': -82.7431869506836}",28.02916145324707,-82.7431869506836,https://www.vacasa.com/unit/107891,3.8,11,"2299, Colonial Drive, Pinellas County, Florida, 34698, United States",34698
300 ftÂ² Private room âˆ™ 1 bedroom âˆ™ 2 guests,"{'latitude': 28.266399383544922, 'longitude': -82.72515106201172}",28.26639938354492,-82.72515106201172,https://www.google.com/travel/search?q=5400%2C%20Bellview%20Avenue%2C%20New%20Port%20Richey%2C%20Pasco%20County%2C%20Florida%2C%2034652%2C%20United%20States&ts=CAISCgoCCAMKAggDEAAaHhIcEhQKBwjpDxACGBESBwjpDxACGBYYBTICEAA4ASoHCgU6A1VTRA&ved=0CDcQyvcEahgKEwjgmsrmrfuJAxUAAAAAHQAAAAAQ2XA&ictx=3&hl=en-US&ap=KigKEglYDJQt1S7rvxEflEH_Pk9awBISCUkcAZ8cRElAET8og_69KU7AMAA&qs=CAAgACgAMihDaG9RanBiMHpaS2NzTHVfQVJvTkwyY3ZNVEYyTURrNU5UUjRiUkFDOA1IAA,4.0,1,"5400, Bellview Avenue, New Port Richey, Pasco County, Florida, 34652, United States",34652
448 Little Harbor,"{'latitude': 27.725954055786133, 'longitude': -82.47382354736328}",27.725954055786133,-82.47382354736328,https://www.google.com/travel/search?q=448%2C%20Bahia%20Beach%20Boulevard%2C%20Hillsborough%20County%2C%20Florida%2C%2033570%2C%20United%20States&ts=CAISCgoCCAMKAggDEAAaHhIcEhQKBwjpDxABGAgSBwjpDxABGA8YBzICEAA4ASoHCgU6A1VTRA&ved=0CIYDEMr3BGoYChMI4JrK5q37iQMVAAAAAB0AAAAAELR7&ictx=3&hl=en-US&ap=KigKEglYDJQt1S7rvxEflEH_Pk9awBISCUkcAZ8cRElAET8og_69KU7AMAA&qs=CAAgACgAMihDaG9Ra2QycHVhNi16NTd6QVJvTkwyY3ZNVEY1Tlhwa2FqTXhlaEFDOA1IAA,4.0,20,"448, Bahia Beach Boulevard, Hillsborough County, Florida, 33570, United States",33570
Land's End 203 building 1 Cute Coastal and Comfortable,"{'latitude': 27.7414608001709, 'longitude': -82.75621795654297}",27.7414608001709,-82.75621795654297,https://www.google.com/travel/search?q=7553%2C%20Bayshore%20Drive%2C%20Sunset%20Beach%2C%20Treasure%20Island%2C%20Pinellas%20County%2C%20Florida%2C%2033706%2C%20United%20States&ts=CAISCgoCCAMKAggDEAAaHhIcEhQKBwjpDxABGAgSBwjpDxABGA8YBzICEAA4ASoHCgU6A1VTRA&ved=0CLoBEMr3BGoZChMI4JrK5q37iQMVAAAAAB0AAAAAENX7AQ&ictx=3&hl=en-US&ap=KigKEgkHn0LMssg7QBH-HiHeRrJUwBISCT5tjKyFyTtAEf4eoZwmslTAMAE&qs=CAASBENDUT0gACgAMihDaG9Ra1o3V2c1UGdfTE9IQVJvTkwyY3ZNVEYzTkRKMGRtY3hhaEFDOA1IAA,4.0,48,"7553, Bayshore Drive, Sunset Beach, Treasure Island, Pinellas County, Florida, 33706, United States",33706
"Villa KailÄsa - Pool, 6min drive to the Beach","{'latitude': 27.823320388793945, 'longitude': -82.77864074707031}",27.823320388793945,-82.77864074707031,https://www.google.com/travel/search?q=5636%2C%20100th%20Way%20North%2C%20Seminole%2C%20Pinellas%20County%2C%20Florida%2C%2033708%2C%20United%20States&ts=CAISCgoCCAMKAggDEAAaHhIcEhQKBwjpDxABGBASBwjpDxABGBUYBTICEAA4ASoHCgU6A1VTRA&ved=0CAMQyvcEahkKEwjgmsrmrfuJAxUAAAAAHQAAAAAQteAC&ictx=3&hl=en-US&ap=MAA&qs=CAAgACgAMihDaG9RM3JLeDZMNncxN0hYQVJvTkwyY3ZNVEYyY2pBNU5UWnJhaEFDOA1IAA,4.0,7,"5636, 100th Way North, Seminole, Pinellas County, Florida, 33708, United States",33708
1Q bed Studio apt with shared Pool 17,"{'latitude': 27.943044662475586, 'longitude': -82.79981231689453}",27.943044662475582,-82.79981231689453,https://booking.stayhomes.net/vacation-rental-property-v2/114517/1-q-studio-apt-with-shared-pool-%2317,4.1,9,"1485, South Ft Harrison Avenue, Clearwater, Pinellas County, Florida, 33756, United States",33756
"Bright Getaway with Ski Lake, 11 Miles to Dtwn Tampa","{'latitude': 27.971969604492188, 'longitude': -82.30107116699219}",27.971969604492188,-82.30107116699219,https://www.google.com/travel/search?q=1232%2C%20Vinetree%20Drive%2C%20Brandon%2C%20Hillsborough%20County%2C%20Florida%2C%2033510%2C%20United%20States&ts=CAISCgoCCAMKAggDEAAaHhIcEhQKBwjpDxABGAsSBwjpDxABGBIYBzICEAA4ASoHCgU6A1VTRA&ved=0CBwQyvcEahkKEwjgmsrmrfuJAxUAAAAAHQAAAAAQtpwB&ictx=3&hl=en-US&ap=KigKEgkHn0LMssg7QBH-HiHeRrJUwBISCT5tjKyFyTtAEf4eoZwmslTAMAA&qs=CAAgACgAMidDaGtRc0xPNHNaZUpxNUlqR2cwdlp5OHhNWGsxZW1OdWFEUm9FQUk4DUgA,4.1,1,"1232, Vinetree Drive, Brandon, Hillsborough County, Florida, 33510, United States",33510
Charming Tiny Home with Private Hot Tub!,"{'latitude': 27.970739364624023, 'longitude': -82.12567901611328}",27.970739364624023,-82.12567901611328,https://www.google.com/travel/search?q=3000%2C%20Daniels%20Road%2C%20Hillsborough%20County%2C%20Florida%2C%2033566%2C%20United%20States&ts=CAISCgoCCAMKAggDEAAaHhIcEhQKBwjpDxACGAMSBwjpDxACGAgYBTICEAA4ASoHCgU6A1VTRA&ved=0CAMQyvcEahkKEwjgmsrmrfuJAxUAAAAAHQAAAAAQh6gB&ictx=3&hl=en-US&ap=KigKEgkHn0LMssg7QBH-HiHeRrJUwBISCT5tjKyFyTtAEf4eoZwmslTAMAA&qs=CAAgACgAMihDaG9RdHVHRng3ajBxX2V0QVJvTkwyY3ZNVEZ6YzJka2Rtd3dNeEFDOA1IAA,4.1,16,"3000, Daniels Road, Hillsborough County, Florida, 33566, United States",33566
Cozy and comfortable tiny house,"{'latitude': 28.01473045349121, 'longitude': -82.10944366455078}",28.01473045349121,-82.10944366455078,https://www.google.com/travel/search?q=1507%2C%20East%20Dr%20Martin%20Luther%20King%20Jr%20Boulevard%2C%20Alabama%2C%20Plant%20City%2C%20Hillsborough%20County%2C%20Florida%2C%2033563%2C%20United%20States&ts=CAISCgoCCAMKAggDEAAaHhIcEhQKBwjpDxACGBcSBwjpDxACGBsYBDICEAA4ASoHCgU6A1VTRA&ved=0CAMQyvcEahkKEwjgmsrmrfuJAxUAAAAAHQAAAAAQ8bcB&ictx=3&hl=en-US&ap=KigKEgkHn0LMssg7QBH-HiHeRrJUwBISCT5tjKyFyTtAEf4eoZwmslTAMAA&qs=CAAgACgAMidDaGtReWRfemt1T1ByNzhKR2cwdlp5OHhNWFo1WDJSMmJIaDBFQUk4DUgA,4.2,7,"1507, East Dr Martin Luther King Jr Boulevard, Alabama, Plant City, Hillsborough County, Florida, 33563, United States",33563
Sunny Hudson Escape with Gulf Views and Boat Dock,"{'latitude': 28.349456787109375, 'longitude': -82.70176696777344}",28.34945678710937,-82.70176696777344,https://www.google.com/travel/search?q=6813%2C%20Saltwater%20Boulevard%2C%20Pleasure%20Isles%2C%20Hudson%2C%20Pasco%20County%2C%20Florida%2C%2034667%2C%20United%20States&ts=CAISCgoCCAMKAggDEAAaHhIcEhQKBwjpDxACGBESBwjpDxACGBUYBDICEAA4ASoHCgU6A1VTRA&ved=0CGAQyvcEahkKEwjgmsrmrfuJAxUAAAAAHQAAAAAQlb8C&ictx=3&hl=en-US&ap=MAE&qs=CAASBENCST0gACgAMidDaGtRaG9IWWt1VFltYUUyR2cwdlp5OHhNWFI0Y1d4NmJYbzRFQUk4DUgA,4.2,56,"6813, Saltwater Boulevard, Pleasure Isles, Hudson, Pasco County, Florida, 34667, United States",34667
"""Close Swann"" - 2BR|Grill|Garden|Hyde Park|TGH","{'latitude': 27.937870025634766, 'longitude': -82.4922866821289}",27.93787002563477,-82.4922866821289,https://www.staytealdoor.com/properties/61704de5363e4700310edf0c,4.3,43,"635, Swann Drive, Palma Ceia Pines, Arrawana Park, Tampa, Hillsborough County, Florida, 33609, United States",33609
Best Holiday Beach Connection!,"{'latitude': 28.209381103515625, 'longitude': -82.72998046875}",28.209381103515625,-82.72998046875,https://www.google.com/travel/search?q=5137%2C%20Polar%20Drive%2C%20Colonial%20Manor%2C%20Elfers%2C%20Pasco%20County%2C%20Florida%2C%2034690%2C%20United%20States&ts=CAISCgoCCAMKAggDEAAaHhIcEhQKBwjoDxAMGAkSBwjoDxAMGAwYAzICEAA4ASoHCgU6A1VTRA&ved=0CLIBEMr3BGoZChMI4JrK5q37iQMVAAAAAB0AAAAAEOWUAQ&ictx=3&hl=en-US&ap=KigKEgkHn0LMssg7QBH-HiHeRrJUwBISCT5tjKyFyTtAEf4eoZwmslTAMAA&qs=CAAgACgAMidDaGtRMmRQWGdZaXdocDFMR2cwdlp5OHhNV3hrZG1KNU1tcHlFQUk4DUgA,4.3,5,"5137, Polar Drive, Colonial Manor, Elfers, Pasco County, Florida, 34690, United States",34690
Contemporary Brandon Home w/ Pool & Game Room,"{'latitude': 27.895580291748047, 'longitude': -82.28611755371094}",27.895580291748047,-82.28611755371094,http://g.rentalsunited.com/gate.aspx?uid=554691&url=1&pid=3092910&lc=google,4.3,146,"102, El Greco Drive, Amaya Estates, Brandon, Hillsborough County, Florida, 33511, United States",33511
1br 1b Beach View - King - Surf Song #333,"{'latitude': 27.785425186157227, 'longitude': -82.78462982177734}",27.785425186157227,-82.78462982177734,,4.4,156,"Surf Song Resort Condominiums, 130th Avenue, Mitchell Beach, Madeira Beach, Pinellas County, Florida, 33708, United States",33708
1K bed Studio apt with Shared Pool 512,"{'latitude': 27.943288803100586, 'longitude': -82.79940795898438}",27.943288803100582,-82.79940795898438,https://booking.stayhomes.net/vacation-rental-property-v2/94250/homa-boutique-apt-w--community-pool,4.4,20,"523, Wildwood Way, Clearwater, Pinellas County, Florida, 33756, United States",33756
3274 Little Harbor,"{'latitude': 27.72480583190918, 'longitude': -82.47490692138672}",27.72480583190918,-82.47490692138672,https://www.google.com/travel/search?q=3256%2C%20Mangrove%20Point%20Drive%2C%20Hillsborough%20County%2C%20Florida%2C%2033570%2C%20United%20States&ts=CAISCgoCCAMKAggDEAAaHhIcEhQKBwjpDxABGAkSBwjpDxABGAwYAzICEAA4ASoHCgU6A1VTRA&ved=0CIEBEMr3BGoYChMI4JrK5q37iQMVAAAAAB0AAAAAEMFx&ictx=3&hl=en-US&ap=KigKEglYDJQt1S7rvxEflEH_Pk9awBISCUkcAZ8cRElAET8og_69KU7AMAA&qs=CAAgACgAMidDaGtRNVoyQzhZSFA4SXc0R2cwdlp5OHhNWFo1Y3pGdFpESjJFQUk4DUgA,4.4,42,"3256, Mangrove Point Drive, Hillsborough County, Florida, 33570, United States",33570
Chambre #301 Beach Front Balcony and Pool,"{'latitude': 27.789262771606445, 'longitude': -82.7877197265625}",27.789262771606445,-82.7877197265625,https://www.google.com/travel/search?q=13336%2C%20Gulf%20Lane%2C%20Mitchell%20Beach%2C%20Madeira%20Beach%2C%20Pinellas%20County%2C%20Florida%2C%2033708%2C%20United%20States&ts=CAISCgoCCAMKAggDEAAaHhIcEhQKBwjoDxAMGBASBwjoDxAMGBcYBzICEAA4ASoHCgU6A1VTRA&ved=0CE8QyvcEahkKEwjgmsrmrfuJAxUAAAAAHQAAAAAQyqAB&ictx=3&hl=en-US&ap=KigKEgkHn0LMssg7QBH-HiHeRrJUwBISCT5tjKyFyTtAEf4eoZwmslTAMAA&qs=CAAgACgAMihDaG9RNk1MUzZiTG0xOGpEQVJvTkwyY3ZNVEY1T1RScVpIaGpNQkFDOA1IAA,4.4,51,"13336, Gulf Lane, Mitchell Beach, Madeira Beach, Pinellas County, Florida, 33708, United States",13336
Chic New Port Richey Condo w/ Amenity Access!,"{'latitude': 28.259889602661133, 'longitude': -82.69729614257812}",28.259889602661133,-82.69729614257812,http://g.rentalsunited.com/gate.aspx?uid=554691&url=1&pid=3271191&lc=google,4.4,6,"7061, Cognac Drive, Brandywine Condominiums, Pasco County, Florida, 34653, United States",34653
Leisure in Largo,"{'latitude': 27.92030906677246, 'longitude': -82.7780990600586}",27.92030906677246,-82.7780990600586,https://www.vacasa.com/unit/98908,4.4,26,"1035, Tralee Street, Largo, Pinellas County, Florida, 33770, United States",33770
Lovely 2-beds Central Clearwater Apartment,"{'latitude': 27.936559677124023, 'longitude': -82.79194641113281}",27.936559677124023,-82.79194641113281,https://google.bookeddirectly.com/g/clearwater/lovely-2-beds-central-clearwater-apartment/5a3912,4.4,8,"1099, Hawkins Street, Bayside Court, Pinellas County, Florida, 33756, United States",33756
Park Paradise,"{'latitude': 28.042476654052734, 'longitude': -82.38817596435547}",28.04247665405273,-82.38817596435547,https://www.vacasa.com/unit/91670,4.4,34,"359, Deer Park Avenue, Temple Terrace, Hillsborough County, Florida, 33617, United States",33617
Clearwater with Shared Pool 22,"{'latitude': 27.94338035583496, 'longitude': -82.79973602294922}",27.94338035583496,-82.79973602294922,https://book.hostfully.com/stay-homes/property-details/1ec8d338-9ce3-4625-bd8c-8704d43cee7f/clearwater-22,4.5,28,"505, Wildwood Way, Clearwater, Pinellas County, Florida, 33756, United States",33756
Corner by the Coast,"{'latitude': 27.885705947875977, 'longitude': -82.8389663696289}",27.885705947875977,-82.8389663696289,https://www.vacasa.com/unit/85148,4.5,55,"14490, Josephine Road, Largo Condominium Complex, Largo, Pinellas County, Florida, 33774, United States",14490
Dream Vacation Beach House,"{'latitude': 27.99687957763672, 'longitude': -82.82392120361328}",27.99687957763672,-82.82392120361328,https://www.google.com/travel/search?q=874%2C%20Narcissus%20Avenue%2C%20Clearwater%2C%20Pinellas%20County%2C%20Florida%2C%2033767%2C%20United%20States&ts=CAISCgoCCAMKAggDEAAaHhIcEhQKBwjoDxAMGAkSBwjoDxAMGAwYAzICEAA4ASoHCgU6A1VTRA&ved=0CGAQyvcEahkKEwjgmsrmrfuJAxUAAAAAHQAAAAAQ_ccB&ictx=3&hl=en-US&ap=KigKEgkHn0LMssg7QBH-HiHeRrJUwBISCT5tjKyFyTtAEf4eoZwmslTAMAA&qs=CAAgACgAMidDaGtRbGFEcmtkQ1RxLXA2R2cwdlp5OHhNWFI0Y1cxZlpuaHFFQUk4DUgA,4.5,19,"874, Narcissus Avenue, Clearwater, Pinellas County, Florida, 33767, United States",33767
Lakefront Brandon Home w/ Patio & Screened Lanai!,"{'latitude': 27.910940170288086, 'longitude': -82.31069946289062}",27.91094017028809,-82.31069946289062,http://g.rentalsunited.com/gate.aspx?uid=554691&url=1&pid=3092498&lc=google,4.5,31,"1512, Portsmouth Lake Drive, Brandon, Hillsborough County, Florida, 33511, United States",33511
Paradise pool home,"{'latitude': 28.007835388183594, 'longitude': -82.17465209960938}",28.007835388183597,-82.17465209960938,https://www.google.com/travel/search?q=4728%2C%20Bloom%20Drive%2C%20Plant%20City%2C%20Hillsborough%20County%2C%20Florida%2C%2033566%2C%20United%20States&ts=CAISCgoCCAMKAggDEAAaHhIcEhQKBwjoDxAMGBMSBwjoDxAMGBgYBTICEAA4ASoHCgU6A1VTRA&ved=0CAMQyvcEahkKEwjgmsrmrfuJAxUAAAAAHQAAAAAQ458C&ictx=3&hl=en-US&ap=MAA&qs=CAAgACgAMihDaG9RX1ByRG90Q1UxYWIzQVJvTkwyY3ZNVEYzTjJ0eGJtYzVkQkFDOA1IAA,4.5,34,"4728, Bloom Drive, Plant City, Hillsborough County, Florida, 33566, United States",33566
Waterfront Hudson Condo w/ Pool & Beach Access,"{'latitude': 28.357820510864258, 'longitude': -82.71501922607422}",28.357820510864254,-82.71501922607422,http://g.rentalsunited.com/gate.aspx?uid=554691&url=1&pid=3633486&lc=google,4.5,8,"Sea Ranch Drive, Gulf Island, Hudson, Pasco County, Florida, 34667, United States",34667
1 Mile to Beach~ Private Pool Oasis!~Volleyball,"{'latitude': 28.061309814453125, 'longitude': -82.75936889648438}",28.061309814453125,-82.75936889648438,https://hometeam.guestybookings.com/properties/655cf271520a370027d598ea,4.6,28,"1530, Wexford Drive North, Enclave at Palm Harbor, Palm Harbor, Pinellas County, Florida, 34683, United States",34683
"1/1 condo, Hudson FL, waterfront, private beach!","{'latitude': 28.35761070251465, 'longitude': -82.71469116210938}",28.35761070251465,-82.71469116210938,,4.6,56,"Sea Ranch Drive, Gulf Island, Hudson, Pasco County, Florida, 34667, United States",34667
1Q bed Studio apt with Shared Pool 14,"{'latitude': 27.94297218322754, 'longitude': -82.79969024658203}",27.94297218322754,-82.79969024658203,https://book.hostfully.com/stay-homes/property-details/18aec231-d617-45d3-8972-6152d526b7fe/clearwater-%2314,4.6,5,"1489, South Ft Harrison Avenue, Clearwater, Pinellas County, Florida, 33756, United States",33756
2Q beds Studio apt with Shared Pool 04,"{'latitude': 27.94342613220215, 'longitude': -82.79965209960938}",27.94342613220215,-82.79965209960938,https://booking.stayhomes.net/vacation-rental-property-v2/96851/clearwater-2-queen-oasis-112,4.6,34,"509, Wildwood Way, Clearwater, Pinellas County, Florida, 33756, United States",33756
4103 Condo On The Beach - Heated Pool - Self Check-in - 2 beds,"{'latitude': 27.93341064453125, 'longitude': -82.84127807617188}",27.93341064453125,-82.84127807617188,https://emerald.holidayfuture.com/listings/166736?googleVR=1,4.6,83,"Belleair Beach Club, 3200, Gulf Boulevard, Belleair Beach, Pinellas County, Florida, 33786, United States",33786
Elegant Valrico Home ~ 15 Mi to Downtown Tampa!,"{'latitude': 27.92000389099121, 'longitude': -82.240478515625}",27.92000389099121,-82.240478515625,http://g.rentalsunited.com/gate.aspx?uid=554691&url=1&pid=3127159&lc=google,4.6,46,"1234, Carriage Park Drive, Abbey Grove, Hillsborough County, Florida, 33594, United States",33594
Island Vibes Cottage,"{'latitude': 27.98590087890625, 'longitude': -82.82685089111328}",27.98590087890625,-82.82685089111328,https://www.google.com/travel/search?q=Beach%20Fire%2C%20Avalon%20Street%2C%20Clearwater%2C%20Pinellas%20County%2C%20Florida%2C%2033767%2C%20United%20States&ts=CAISCgoCCAMKAggDEAAaaApIEkYyJTB4ODhjMmY2Y2U3YTFmNDI5YjoweDVhMTdiMmZhMzQ4M2E1MWQ6HUJlYWNoIEZpcmUgQmVhY2ggQmFyICYgR3JpbGxlEhwSFAoHCOgPEAwYBBIHCOgPEAwYChgGMgIQADgBKgcKBToDVVNE&ved=0COACEMr3BGoZChMI4JrK5q37iQMVAAAAAB0AAAAAENbvAQ&ictx=3&hl=en-US&ap=KigKEgkHn0LMssg7QBH-HiHeRrJUwBISCT5tjKyFyTtAEf4eoZwmslTAMAA&qs=CAEgACgAMihDaG9RM0lPRm9kLTN2cy1CQVJvTkwyY3ZNVEZyYWpWd1puWjVOaEFDOA1IAA,4.6,70,"Beach Fire, Avalon Street, Clearwater, Pinellas County, Florida, 33767, United States",33767
Just Renovated Historic Duplex,"{'latitude': 28.022369384765625, 'longitude': -82.1243667602539}",28.022369384765625,-82.1243667602539,https://www.google.com/travel/search?q=919%2C%20North%20Roux%20Street%2C%20Dixie%20Gardens%2C%20Plant%20City%2C%20Hillsborough%20County%2C%20Florida%2C%2033563%2C%20United%20States&ts=CAISCgoCCAMKAggDEAAaHhIcEhQKBwjoDxAMGBcSBwjoDxAMGBkYAjICEAA4ASoHCgU6A1VTRA&ved=0CAMQyvcEahkKEwjgmsrmrfuJAxUAAAAAHQAAAAAQoPEB&ictx=3&hl=en-US&ap=KigKEgkHn0LMssg7QBH-HiHeRrJUwBISCT5tjKyFyTtAEf4eoZwmslTAMAA&qs=CAAgACgAMidDaGtRcTVhQXlaS0JnNU5ZR2cwdlp5OHhNV3R5WW5acU5EazJFQUk4DUgA,4.6,27,"919, North Roux Street, Dixie Gardens, Plant City, Hillsborough County, Florida, 33563, United States",33563
La Casa Del Mar 610 Star5Vacations,"{'latitude': 28.042583465576172, 'longitude': -82.7838134765625}",28.04258346557617,-82.7838134765625,https://www.star5vacations.com/vacation/condominium-dunedin-la-casa-del-mar-610-star5vacations-301337.html?idReferer=3773,4.6,29,"600, Nicholas Drive, Harbor View, Dunedin, Pinellas County, Florida, 34698, United States",34698
Lake Front - Corner Unit - 2 Bedroom 2 Bath,"{'latitude': 27.92935562133789, 'longitude': -82.2822265625}",27.92935562133789,-82.2822265625,https://www.google.com/travel/search?q=399%2C%20Lake%20Parsons%20Green%2C%20Allendale%2C%20Brandon%2C%20Hillsborough%20County%2C%20Florida%2C%2033511%2C%20United%20States&ts=CAISCgoCCAMKAggDEAAaHhIcEhQKBwjoDxAMGBESBwjoDxAMGBcYBjICEAA4ASoHCgU6A1VTRA&ved=0CAMQyvcEahkKEwjgmsrmrfuJAxUAAAAAHQAAAAAQ7PQB&ictx=3&hl=en-US&ap=KigKEgkHn0LMssg7QBH-HiHeRrJUwBISCT5tjKyFyTtAEf4eoZwmslTAMAA&qs=CAEgACgAMidDaGtRMFBUaDJ2bk4tTUE5R2cwdlp5OHhNWFI0Y1c1dWEydzBFQUk4DUgA,4.6,115,"399, Lake Parsons Green, Allendale, Brandon, Hillsborough County, Florida, 33511, United States",33511
NEW in Heart of SOHO Minutes to Downtown and Stadium Unit 1,"{'latitude': 27.9431209564209, 'longitude': -82.4791030883789}",27.9431209564209,-82.4791030883789,https://www.google.com/travel/search?q=1914%2C%20West%20Cleveland%20Street%2C%20Hyde%20Park%2C%20Tampa%2C%20Hillsborough%20County%2C%20Florida%2C%2033606%2C%20United%20States&ts=CAISCgoCCAMKAggDEAAaHhIcEhQKBwjpDxACGBASBwjpDxACGBQYBDICEAA4ASoHCgU6A1VTRA&ved=0CAMQyvcEahkKEwjgmsrmrfuJAxUAAAAAHQAAAAAQuJAC&ictx=3&hl=en-US&ap=KigKEgkHn0LMssg7QBH-HiHeRrJUwBISCT5tjKyFyTtAEf4eoZwmslTAMAA&qs=CAAgACgAMihDaG9Rb2Q3UnAtZUR2c0doQVJvTkwyY3ZNVEYwZUhGdE9IYzVlUkFDOA1IAA,4.6,40,"1914, West Cleveland Street, Hyde Park, Tampa, Hillsborough County, Florida, 33606, United States",33606
Solar Retreat,"{'latitude': 28.502384185791016, 'longitude': -82.59317016601562}",28.502384185791016,-82.59317016601562,https://www.vacasa.com/unit/111063,4.6,30,"5068, Plumosa Street, Berkeley, Spring Hill, Hernando County, Florida, 34607, United States",34607
The Blue Bird,"{'latitude': 27.98048973083496, 'longitude': -82.47257232666016}",27.98048973083496,-82.47257232666016,https://www.vacasa.com/unit/106664,4.6,26,"907, West Orient Street, Roslyn Homes, Tampa, Hillsborough County, Florida, 33603, United States",33603
"2 Bedroom , 2 Bath , Villa","{'latitude': 28.04874038696289, 'longitude': -82.67636108398438}",28.04874038696289,-82.67636108398438,https://www.google.com/travel/search?q=398%2C%20Lake%20Placid%20Court%2C%20Oldsmar%2C%20Pinellas%20County%2C%20Florida%2C%2034677%2C%20United%20States&ts=CAISCgoCCAMKAggDEAAaHhIcEhQKBwjpDxABGAwSBwjpDxABGA8YAzICEAA4ASoHCgU6A1VTRA&ved=0CB0QyvcEahgKEwjgmsrmrfuJAxUAAAAAHQAAAAAQzWo&ictx=3&hl=en-US&ap=KigKEgnl8A47p608wBH6ZMVw1bpcwBISCaWk3MXnjFBAEfTJiuEqNEnAMAA&qs=CAAgACgAMihDaG9ReFBEcXJKTGM1NV9lQVJvTkwyY3ZNVEYzTVhadVgzcGljaEFDOA1IAA,4.7,24,"398, Lake Placid Court, Oldsmar, Pinellas County, Florida, 34677, United States",34677
Beautiful 1br/1bath condo located in Paradise Lakes Clothing Optional Resort,"{'latitude': 28.188039779663086, 'longitude': -82.46926879882812}",28.18803977966309,-82.46926879882812,https://www.google.com/travel/search?q=Vista%20Del%20Sol%20Circle%2C%20Pasco%20County%2C%20Florida%2C%2034639%2C%20United%20States&ts=CAISCgoCCAMKAggDEAAabQpNEksKDC9nLzF5ZHBzMDNzdDIlMHg4OGMyYmJmZTc1NjQ2ZDY1OjB4YjRmNzQxZDYyN2Y5MzIyMToUVmlzdGEgRGVsIFNvbCBDaXJjbGUSHBIUCgcI6Q8QARgSEgcI6Q8QARgZGAcyAhAAOAEqBwoFOgNVU0Q&ved=0CMwBEMr3BGoZChMI4JrK5q37iQMVAAAAAB0AAAAAEJeOAQ&ictx=3&hl=en-US&ap=KigKEgkHn0LMssg7QBH-HiHeRrJUwBISCT5tjKyFyTtAEf4eoZwmslTAMAA&qs=CAAgACgAMidDaGtRclpyT3ljLTh0T3AtR2cwdlp5OHhNV3RxTlhBek9UQm5FQUk4DUgA,4.7,50,"Vista Del Sol Circle, Pasco County, Florida, 34639, United States",34639
Cheerful Coastal Cottage Close to Beach,"{'latitude': 28.06987953186035, 'longitude': -82.76953887939453}",28.06987953186035,-82.76953887939453,https://florida.vacationrental.house/cheerful-coastal-cottage-close-to-beach-orp5b6244fx,4.7,46,"Caladesi RV Park, 205, Dempsey Road, Palm Harbor, Pinellas County, Florida, 34683, United States",34683
Completely renovated!,"{'latitude': 28.036109924316406, 'longitude': -82.68757629394531}",28.036109924316406,-82.68757629394531,https://www.bluepillow.com/search?p_id=589dfd527c00cb10c8dacc7c&dest=bpvr&cat=House&accomodationids=6490708eba24250813c361fa,4.7,3,"3619, Meriden Avenue, Pinellas County, Florida, 34677, United States",34677
Entire House close to everything.,"{'latitude': 27.98989486694336, 'longitude': -82.2946548461914}",27.98989486694336,-82.2946548461914,https://www.google.com/travel/search?q=5228%2C%20Cherry%20Avenue%2C%20Mango%20Hills%2C%20Hillsborough%20County%2C%20Florida%2C%2033584%2C%20United%20States&ts=CAISCgoCCAMKAggDEAAaHhIcEhQKBwjpDxABGA8SBwjpDxABGBIYAzICEAA4ASoHCgU6A1VTRA&ved=0CAMQyvcEahkKEwjgmsrmrfuJAxUAAAAAHQAAAAAQpNEB&ictx=3&hl=en-US&ap=KigKEgkHn0LMssg7QBH-HiHeRrJUwBISCT5tjKyFyTtAEf4eoZwmslTAMAA&qs=CAAgACgAMihDaG9ROG92R3BNckl3b3piQVJvTkwyY3ZNVEZyYWpWd1ozRXhlUkFDOA1IAA,4.7,21,"5228, Cherry Avenue, Mango Hills, Hillsborough County, Florida, 33584, United States",33584
Heated Pool~ Mini Golf~ Fire Pit~ Game Room~Arcade,"{'latitude': 27.870710372924805, 'longitude': -82.82544708251953}",27.870710372924805,-82.82544708251953,https://hometeam.guestybookings.com/properties/65d7c72f9990a40013aa38c1,4.7,21,"13477, Del Prado Drive South, Pinellas County, Florida, 33774, United States",13477
NATURE COAST RETREAT  ENTIRE HOME WITH PRIVATE POOL,"{'latitude': 28.50183868408203, 'longitude': -82.56365966796875}",28.50183868408203,-82.56365966796875,,4.7,33,"4989, Kirkwood Avenue, Spring Hill, Hernando County, Florida, 34608, United States",34608
"Quaint, Clean and Bright Cottage in Ozona","{'latitude': 28.070995330810547, 'longitude': -82.76972961425781}",28.070995330810547,-82.76972961425781,https://florida.vacationrental.house/quaint-clean-and-bright-cottage-in-ozona-orp5b6244ex,4.7,57,"439, Dempsey Road, Palm Harbor, Pinellas County, Florida, 34683, United States",34683
Sunrise Resort Unit 502,"{'latitude': 27.732839584350586, 'longitude': -82.74478912353516}",27.732839584350582,-82.74478912353516,,4.7,11,"Boulevard Burgers and Tap House, 5905, Gulf Boulevard, Bahia Shores, Saint Pete Beach, Pinellas County, Florida, 33706, United States",33706
4 - Island Paradise Cottages - Skyview Villa,"{'latitude': 27.789764404296875, 'longitude': -82.78499603271484}",27.789764404296875,-82.78499603271484,https://www.google.com/travel/search?q=228%2C%20132nd%20Avenue%20East%2C%20Mitchell%20Beach%2C%20Madeira%20Beach%2C%20Pinellas%20County%2C%20Florida%2C%2033708%2C%20United%20States&ts=CAISCgoCCAMKAggDEAAaHhIcEhQKBwjpDxABGAMSBwjpDxABGAkYBjICEAA4ASoHCgU6A1VTRA&ved=0CAMQyvcEahgKEwjgmsrmrfuJAxUAAAAAHQAAAAAQ13Q&ictx=3&hl=en-US&ap=KigKEglYDJQt1S7rvxEflEH_Pk9awBISCUkcAZ8cRElAET8og_69KU7AMAE&qs=CAASBENCST0gACgAMidDaGtRdExfbjhOMnZoSTVrR2cwdlp5OHhNWE56WjJJM2JYRm1FQUk4DUgA,4.8,76,"228, 132nd Avenue East, Mitchell Beach, Madeira Beach, Pinellas County, Florida, 33708, United States",33708
"4 Bedroom Clearwater Home Near Beach, Dunedin, Blue Jays Stadium","{'latitude': 27.995201110839844, 'longitude': -82.78815460205078}",27.995201110839844,-82.78815460205078,https://www.britpropertiesllc.com/4-bedroom-clearwater-home-near-beach-dunedin-blue-jays-stadium-orp5b4c3a7x,4.8,51,"2030, Douglas Avenue, Clearwater, Pinellas County, Florida, 33755, United States",33755
4319 Condo On The Beach - Ocean Side View Balcony - 2 Beds,"{'latitude': 27.93337631225586, 'longitude': -82.84130096435547}",27.93337631225586,-82.84130096435547,https://emerald.holidayfuture.com/listings/166742?googleVR=1,4.8,80,"Belleair Beach Club, 3200, Gulf Boulevard, Belleair Beach, Pinellas County, Florida, 33786, United States",33786
Beautiful Condo in prime Florida location within premier gated community.,"{'latitude': 28.058271408081055, 'longitude': -82.70413208007812}",28.05827140808105,-82.70413208007812,https://www.google.com/travel/search?q=194%2C%20Meadow%20Lane%2C%20Pinellas%20County%2C%20Florida%2C%2034677%2C%20United%20States&ts=CAISCgoCCAMKAggDEAAaHhIcEhQKBwjoDxAMGAkSBwjoDxAMGAwYAzICEAA4ASoHCgU6A1VTRA&ved=0CB0QyvcEahkKEwjgmsrmrfuJAxUAAAAAHQAAAAAQ448B&ictx=3&hl=en-US&ap=KigKEgkHn0LMssg7QBH-HiHeRrJUwBISCT5tjKyFyTtAEf4eoZwmslTAMAA&qs=CAAgACgAMidDaGtRNXRhRTd2VDA2dTVWR2cwdlp5OHhNWFpqZHpVMVpEWTBFQUk4DUgA,4.8,122,"194, Meadow Lane, Pinellas County, Florida, 34677, United States",34677
BuschGardens*Pool* King Bed*GameRoom*Sleeps15*Pets,"{'latitude': 28.026334762573242, 'longitude': -82.3969497680664}",28.02633476257324,-82.3969497680664,https://itmg.holidayfuture.com/listings/66411?googleVR=1,4.8,121,"Ridgeway Road, Temple Terrace, Hillsborough County, Florida, 33617, United States",33617
Chic Stylish Pool House 4 King bed new renovated,"{'latitude': 27.97749137878418, 'longitude': -82.16458892822266}",27.97749137878418,-82.16458892822266,https://platform.hostfully.com/vacation-rental-property-v2/61965/chic-stylish-pool-house-4-king-bed-new-renovated,4.8,86,"4201, Kipling Avenue, Walden Lake, Plant City, Hillsborough County, Florida, 33566, United States",33566
Cozy bedroom on first floor. No kitchen access,"{'latitude': 27.860450744628906, 'longitude': -82.30802154541016}",27.860450744628903,-82.30802154541016,https://www.bluepillow.com/search?p_id=589dfd647c00cb10c8dacd0b&dest=bpvr&cat=House&accomodationids=62177b21a7239796807c7ce5,4.8,11,"11505, Grove Arcade Drive, Aberdeen Creek, Riverview, Hillsborough County, Florida, 33569, United States",11505
Cozy bedroom on first floor. No kitchen access .,"{'latitude': 27.860454559326172, 'longitude': -82.30802917480469}",27.86045455932617,-82.30802917480469,,4.8,18,"11505, Grove Arcade Drive, Aberdeen Creek, Riverview, Hillsborough County, Florida, 33569, United States",11505
Cozy Brandon Guest Studio w/ Pool & Hot Tub!,"{'latitude': 27.9450626373291, 'longitude': -82.32032012939453}",27.9450626373291,-82.32032012939453,http://g.rentalsunited.com/gate.aspx?uid=554691&url=1&pid=3339442&lc=google,4.8,23,"469, Gornto Lake Road, Brandon, Hillsborough County, Florida, 33510, United States",33510
Cozy little apartment in Sprin Hill!,"{'latitude': 28.467117309570312, 'longitude': -82.54849243164062}",28.467117309570312,-82.54849243164062,https://www.google.com/travel/search?q=10344%2C%20Clarion%20Street%2C%20Spring%20Hill%2C%20Hernando%20County%2C%20Florida%2C%2034608%2C%20United%20States&ts=CAISCgoCCAMKAggDEAAaHhIcEhQKBwjoDxAMGBsSBwjoDxAMGB4YAzICEAA4ASoHCgU6A1VTRA&ved=0CHoQyvcEahkKEwjgmsrmrfuJAxUAAAAAHQAAAAAQ078B&ictx=3&hl=en-US&ap=KigKEgkHn0LMssg7QBH-HiHeRrJUwBISCT5tjKyFyTtAEf4eoZwmslTAMAA&qs=CAAgACgAMidDaGtRaS1UeTNxbTlpS2NHR2cwdlp5OHhNWFpmWWpKa2JHdDJFQUk4DUgA,4.8,11,"10344, Clarion Street, Spring Hill, Hernando County, Florida, 34608, United States",10344
Cozy Plant City Home,"{'latitude': 28.00749969482422, 'longitude': -82.14309692382812}",28.00749969482422,-82.14309692382812,https://www.redawning.com/rental-property/cozy-plant-city-home-florida,4.8,9,"2000, Sammonds Road, Plant City, Hillsborough County, Florida, 33563, United States",33563
Dolphin Studio 306 Tampa Bay Vacation Resort Beach & Pool,"{'latitude': 27.731040954589844, 'longitude': -82.47538757324219}",27.731040954589844,-82.47538757324219,https://www.britpropertiesllc.com/dolphin-studio-306-little-harbor-ruskin-vacation-beach-resort-orp5b4f468x,4.8,112,"The Inn at Little Harbor, 611, Destiny Drive, Hillsborough County, Florida, 33570, United States",33570
Gone Beaching 202,"{'latitude': 27.986324310302734, 'longitude': -82.8254165649414}",27.98632431030273,-82.8254165649414,https://new.rentalsunited.com/Property/1472101?sc=554691,4.8,117,"Porpoise Inn & Suites, 609, Cyprus Avenue, Clearwater, Pinellas County, Florida, 33767, United States",33767
Hudson Beach Waterfront,"{'latitude': 28.36363983154297, 'longitude': -82.70829772949219}",28.36363983154297,-82.70829772949219,https://www.bluepillow.com/search?lat=28.36364&lng=-82.7083&dest=bpvr&cat=House&accomodationids=621750c5a7239796806b4df8,4.8,94,"6416, Harbor Drive, Hudson Beach Estates, Hudson, Pasco County, Florida, 34667, United States",34667
"Lime Serenity | Hot Tub, Dog Friendly,10 to Beach","{'latitude': 27.930908203125, 'longitude': -82.7955322265625}",27.930908203125,-82.7955322265625,https://RainorShinePM.holidayfuture.com/listings/219919?googleVR=1,4.8,27,"Greek Island Restaurant, 1501, Clearwater Largo Road North, Bayside Court, Largo, Pinellas County, Florida, 33770, United States",33770
Madeira Beach Tropic Breeze Unit 18 Second Floor,"{'latitude': 27.797090530395508, 'longitude': -82.79582977294922}",27.797090530395508,-82.79582977294922,https://booking.sbvr.com/listings/274181?googleVR=1,4.8,61,"51, 143rd Avenue, Madeira Beach, Pinellas County, Florida, 33708, United States",33708
Manatee Studio 202 Tampa Bay Florida Resort  Beach & Pool,"{'latitude': 27.73099136352539, 'longitude': -82.47534942626953}",27.73099136352539,-82.47534942626953,https://www.britpropertiesllc.com/manatee-studio-202-little-harbor-tampa-bay-florida-beach-resort-orp5b4fc4dx,4.8,121,"The Inn at Little Harbor, 611, Destiny Drive, Hillsborough County, Florida, 33570, United States",33570
My Quiet Place in Brandon,"{'latitude': 27.95857048034668, 'longitude': -82.27178955078125}",27.95857048034668,-82.27178955078125,,4.8,15,"904, Greenbelt Circle, Brandon, Hillsborough County, Florida, 33509, United States",33509
NEW LISTING: Quiet 2-bdrm 2-bath condo by golf course.,"{'latitude': 28.20802879333496, 'longitude': -82.65462493896484}",28.20802879333496,-82.65462493896484,https://www.google.com/travel/search?q=Seven%20Springs%20Golf%20and%20Country%20Club%20Home%20Page%2C%203535%2C%20Trophy%20Boulevard%2C%20Trinity%2C%20Pasco%20County%2C%20Florida%2C%2034655%2C%20United%20States&ts=CAISCgoCCAMKAggDEAAaHhIcEhQKBwjoDxAMGAkSBwjoDxAMGAwYAzICEAA4ASoHCgU6A1VTRA&ved=0CHkQyvcEahkKEwjgmsrmrfuJAxUAAAAAHQAAAAAQ3pYC&ictx=3&hl=en-US&ap=MAA&qs=CAEgACgAMihDaG9RLWZPUnhvcml5ZGZtQVJvTkwyY3ZNVEYyTTJ0NmVIRjNhQkFDOA1IAA,4.8,21,"Seven Springs Golf and Country Club Home Page, 3535, Trophy Boulevard, Trinity, Pasco County, Florida, 34655, United States",34655
Spring Hill Home w/ Private Pool & Games!,"{'latitude': 28.49884796142578, 'longitude': -82.58858489990234}",28.49884796142578,-82.58858489990234,http://g.rentalsunited.com/gate.aspx?uid=554691&url=1&pid=3579950&lc=google,4.8,17,"4455, Berkeley Heights Avenue, Berkeley, Spring Hill, Hernando County, Florida, 34606, United States",34606
Stunning Home w/ Heated Saltwater Pool & Pond View,"{'latitude': 28.03346824645996, 'longitude': -82.36754608154297}",28.03346824645996,-82.36754608154297,https://www.emperorrentals.com/stunning-home-w-heated-saltwater-pool-pond-view-orp5b64f20x,4.8,16,"9204, Knights Branch Street, Temple Terrace, Hillsborough County, Florida, 33637, United States",33637
Surf Song 348 Gulf Front Balcony Across from John's Pass Village,"{'latitude': 27.785531997680664, 'longitude': -82.78463745117188}",27.785531997680664,-82.78463745117188,https://www.google.com/travel/search?ts=CAISCgoCCAMKAggDEAAaXwpBEj8KCC9tLzBycjFzMiQweDg4YzJmYzBhZWU5OTNiMGY6MHgyMjUwZGRhMzA4YjQ0NDQ6DU1hZGVpcmEgQmVhY2gSGhIUCgcI6A8QDBgIEgcI6A8QDBgLGAMyAggBKgcKBToDVVNE&ved=0COYCEMr3BGoZChMI4JrK5q37iQMVAAAAAB0AAAAAEIzIAg&ictx=3&hl=en-US&ap=MAA&qs=CAEyJ0Noa1E4S3ZIamMyZ3djUTVHZzB2Wnk4eE1YTnpaMk0xTXpCekVBSTgNSAA,4.8,124,"Surf Song Resort Condominiums, 130th Avenue, Mitchell Beach, Madeira Beach, Pinellas County, Florida, 33708, United States",33708
Updated Waterfront Condo in Apollo Beach,"{'latitude': 27.778709411621094, 'longitude': -82.41902923583984}",27.778709411621094,-82.41902923583984,https://www.google.com/travel/search?q=1053%2C%20Apollo%20Beach%20Boulevard%2C%20Apollo%20Beach%2C%20Hillsborough%20County%2C%20Florida%2C%2033572%2C%20United%20States&ts=CAISCgoCCAMKAggDEAAaHhIcEhQKBwjpDxACGAsSBwjpDxACGBEYBjICEAA4ASoHCgU6A1VTRA&ved=0CBwQyvcEahkKEwjgmsrmrfuJAxUAAAAAHQAAAAAQy9wC&ictx=3&hl=en-US&ap=MAA&qs=CAAgACgAMihDaG9ReU0td2dlbUpoNDNKQVJvTkwyY3ZNVEYwZUhGdU9ITTFPUkFDOA1IAA,4.8,23,"1053, Apollo Beach Boulevard, Apollo Beach, Hillsborough County, Florida, 33572, United States",33572
Waterfront cottage with a dock,"{'latitude': 28.345094680786133, 'longitude': -82.70157623291016}",28.345094680786133,-82.70157623291016,https://www.google.com/travel/search?q=Craft%20Life%20Brewing%2C%20Tower%20Drive%2C%20Hudson%2C%20Pasco%20County%2C%20Florida%2C%2034667%2C%20United%20States&ts=CAISCgoCCAMKAggDEAAaZQpFEkMyJTB4ODhjMjliZjUyNzFmOWVhMzoweDhhMTFiM2QwOTA0NzU0OTM6GkNyYWZ0IExpZmUgQnJld2luZyBDb21wYW55EhwSFAoHCOkPEAEYFRIHCOkPEAEYGRgEMgIQADgBKgcKBToDVVNE&ved=0CAMQyvcEahkKEwjgmsrmrfuJAxUAAAAAHQAAAAAQyOQC&ictx=3&hl=en-US&ap=MAA&qs=CAAgACgAMidDaGtRcUxySG5OSDQ4WTBmR2cwdlp5OHhNWFprYW5KNE1UbHNFQUk4DUgA,4.8,16,"Craft Life Brewing, Tower Drive, Hudson, Pasco County, Florida, 34667, United States",34667
Waterfront Port Richey Getaway w/ Shared Dock,"{'latitude': 28.27168083190918, 'longitude': -82.73416900634766}",28.27168083190918,-82.73416900634766,http://g.rentalsunited.com/gate.aspx?uid=554691&url=1&pid=3346906&lc=google,4.8,25,"4832, Sunset Boulevard, Port Richey, Pasco County, Florida, 34668, United States",34668
"Beautifully, Renovated Home in Quiet Cul de Sac! Close to EVERYTHING!","{'latitude': 28.041187286376953, 'longitude': -82.69487762451172}",28.041187286376957,-82.69487762451172,https://www.google.com/travel/search?q=1911%2C%20Castlebay%20Court%2C%20Harbor%20Palms%2C%20Oldsmar%2C%20Pinellas%20County%2C%20Florida%2C%2034677%2C%20United%20States&ts=CAISCgoCCAMKAggDEAAaVwo3EjUyJTB4ODhjMmVkYjMyOWNjZGQzMToweGQ3YTNkOTJmMDU2ZDg0N2U6DEhhcmJvciBQYWxtcxIcEhQKBwjoDxALGBsSBwjoDxALGB4YAzICEAA4ASoHCgU6A1VTRA&ved=0CI8CEMr3BGoZChMI4JrK5q37iQMVAAAAAB0AAAAAEIOUAQ&ictx=3&hl=en-US&ap=KigKEgkHn0LMssg7QBH-HiHeRrJUwBISCT5tjKyFyTtAEf4eoZwmslTAMAA&qs=CAEgACgAMihDaG9ReVpyNnVvSEg5YkRJQVJvTkwyY3ZNVEYyTlhnM2VURnRjaEFDOA1IAA,4.9,155,"1911, Castlebay Court, Harbor Palms, Oldsmar, Pinellas County, Florida, 34677, United States",34677
Best kept secret in Land O Lakes ðŸ’Ž,"{'latitude': 28.225229263305664, 'longitude': -82.45159912109375}",28.225229263305664,-82.45159912109375,https://www.google.com/travel/search?q=4667%2C%20Roberts%20Road%2C%20Land%20O%27%20Lakes%2C%20Pasco%20County%2C%20Florida%2C%2034639%2C%20United%20States&ts=CAISCgoCCAMKAggDEAAaHBIaEhQKBwjoDxAMGAkSBwjoDxAMGAwYAzICEAAqBwoFOgNVU0Q&ved=0CAMQyvcEahkKEwjgmsrmrfuJAxUAAAAAHQAAAAAQ7pUB&ictx=3&hl=en-US&ap=KigKEgkHn0LMssg7QBH-HiHeRrJUwBISCT5tjKyFyTtAEf4eoZwmslTAMAA&qs=CAAgACgAMidDaGtRZzRLTHE5bnFpWXBJR2cwdlp5OHhNWE56WjJOd2RuUXlFQUk4DUgA,4.9,56,"4667, Roberts Road, Land O' Lakes, Pasco County, Florida, 34639, United States",34639
Clothing Optional Studio in Paradise Lakes Resort nudist community,"{'latitude': 28.187936782836914, 'longitude': -82.46739959716797}",28.187936782836918,-82.46739959716797,https://www.google.com/travel/search?q=Pasco%20County%2C%20Florida%2C%2034639%2C%20United%20States&ts=CAISCgoCCAMKAggDEAAaUAowEi4yJTB4ODhjMmJhZGQwOTQ5YWI1OToweDJiNmExNDhiZTNiZTkwOTA6BTM0NjM5EhwSFAoHCOkPEAIYAxIHCOkPEAIYChgHMgIQADgBKgcKBToDVVNE&ved=0CE8QyvcEahkKEwjgmsrmrfuJAxUAAAAAHQAAAAAQ8q8B&ictx=3&hl=en-US&ap=KigKEgkHn0LMssg7QBH-HiHeRrJUwBISCT5tjKyFyTtAEf4eoZwmslTAMAA&qs=CAAgACgAMidDaGtRMk9ENHljTExucDlMR2cwdlp5OHhNWGMzWjJwb04yWnlFQUk4DUgA,4.9,38,"Pasco County, Florida, 34639, United States",34639
Cozy & Charming Studio Close to Downtown,"{'latitude': 28.248315811157227, 'longitude': -82.7085189819336}",28.248315811157227,-82.7085189819336,https://www.emperorrentals.com/cozy-charming-studio-close-to-downtown-orp5b5a237x,4.9,40,"6126, Polk Street, New Port Richey, Pasco County, Florida, 34653, United States",34653
Family Paradise | Free Heated Pool,"{'latitude': 27.955162048339844, 'longitude': -82.26887512207031}",27.955162048339844,-82.26887512207031,https://floridafamilyparadise.com/,4.9,127,"1207, Ashwell Court, Brandon, Hillsborough County, Florida, 33594, United States",33594
Heated Pool in Apollo Beach,"{'latitude': 27.769750595092773, 'longitude': -82.40552520751953}",27.769750595092773,-82.40552520751953,https://www.google.com/travel/search?q=513%2C%20Fairfax%20Lane%2C%20Apollo%20Beach%2C%20Hillsborough%20County%2C%20Florida%2C%2033572%2C%20United%20States&ts=CAISCgoCCAMKAggDEAAaHhIcEhQKBwjoDxAMGAkSBwjoDxAMGAwYAzICEAA4ASoHCgU6A1VTRA&ved=0CLACEMr3BGoZChMI4JrK5q37iQMVAAAAAB0AAAAAEKXhAQ&ictx=3&hl=en-US&ap=KigKEgkHn0LMssg7QBH-HiHeRrJUwBISCT5tjKyFyTtAEf4eoZwmslTAMAA&qs=CAAgACgAMihDaG9RdTdtT2xJYmZsS1RjQVJvTkwyY3ZNVEY1TVdNelpEQjVjUkFDOA1IAA,4.9,212,"513, Fairfax Lane, Apollo Beach, Hillsborough County, Florida, 33572, United States",33572
Ideal Location! Steps to Beach and Sand Wonderland - Suite F,"{'latitude': 27.903717041015625, 'longitude': -82.84632873535156}",27.903717041015625,-82.84632873535156,https://google.bookeddirectly.com/g/indian-rocks-beach/ideal-location%2521-steps-to-beach-and-sand-wonderland---suite-f/c0d7f7,4.9,77,"207, 22nd Avenue North, Indian Rocks Beach, Pinellas County, Florida, 33785, United States",33785
La Coquina 105: Beachside Bliss - 2BD/2BA Retreat,"{'latitude': 27.7977352142334, 'longitude': -82.79676818847656}",27.7977352142334,-82.79676818847656,https://booking.sbvr.com/listings/274252?googleVR=1,4.9,81,"Gulf Boulevard & 144th Avenue, Gulf Boulevard, Mitchell Beach, Madeira Beach, Pinellas County, Florida, 33785, United States",33785
Lala's House,"{'latitude': 28.024169921875, 'longitude': -82.36705017089844}",28.024169921875,-82.36705017089844,https://www.google.com/travel/search?q=7896%2C%20Harney%20Road%2C%20Temple%20Terrace%2C%20Hillsborough%20County%2C%20Florida%2C%2033637%2C%20United%20States&ts=CAISCgoCCAMKAggDEAAaHhIcEhQKBwjoDxAMGAkSBwjoDxAMGAwYAzICEAA4ASoHCgU6A1VTRA&ved=0CBkQyvcEahkKEwjgmsrmrfuJAxUAAAAAHQAAAAAQl_gB&ictx=3&hl=en-US&ap=KigKEgkHn0LMssg7QBH-HiHeRrJUwBISCT5tjKyFyTtAEf4eoZwmslTAMAA&qs=CAAgACgAMihDaG9RakwzaC1MYktvTkdpQVJvTkwyY3ZNVEYyTTJ0NmRIRnliaEFDOA1IAA,4.9,86,"7896, Harney Road, Temple Terrace, Hillsborough County, Florida, 33637, United States",33637
Mini Mansion Tampa Oasis,"{'latitude': 28.043962478637695, 'longitude': -82.39612579345703}",28.04396247863769,-82.39612579345703,https://platform.hostfully.com/vacation-rental-property-v2/51094/renovated-quaint-home,4.9,11,"5267, Holland Street, Temple Terrace, Hillsborough County, Florida, 33617, United States",33617
NEW Coastal Loft Living / N Kenwood,"{'latitude': 27.783811569213867, 'longitude': -82.6727523803711}",27.783811569213867,-82.6727523803711,https://www.vakationeer.com/listings/229096?googleVR=1,4.9,15,"2871, 12th Avenue North, North Kenwood, Saint Petersburg, Pinellas County, Florida, 33713, United States",33713
New Listing! Cozy Apartment by the Beach - Suite D,"{'latitude': 27.903547286987305, 'longitude': -82.84626007080078}",27.903547286987305,-82.84626007080078,https://google.bookeddirectly.com/g/indian-rocks-beach/new-listing%2521-cozy-apartment-by-the-beach---suite-d/7bd334,4.9,70,"217, 22nd Avenue North, Indian Rocks Beach, Pinellas County, Florida, 33785, United States",33785
Private ground floor apt with a huge deck,"{'latitude': 28.035480499267578, 'longitude': -82.68439483642578}",28.035480499267575,-82.68439483642578,https://www.vrbo.com/1272052?MDPCID=VRBO-META.HPA.WEB-ORGANIC.VR,4.9,11,"3693, Arch Avenue, Pinellas County, Florida, 34677, United States",34677
"Spring Hill Home - Pool, Grill & Golf Course Views","{'latitude': 28.50210952758789, 'longitude': -82.55447387695312}",28.50210952758789,-82.55447387695312,http://g.rentalsunited.com/gate.aspx?uid=554691&url=1&pid=3547242&lc=google,4.9,9,"5034, Florentine Court, Spring Hill, Hernando County, Florida, 34608, United States",34608
Steps to Beach Dr! private patio+parking w/2 bikes,"{'latitude': 27.78004264831543, 'longitude': -82.63097381591797}",27.78004264831543,-82.63097381591797,https://www.stpetevacationrental.com/oldne,4.9,90,"769, Oak Street Northeast, Historic Old Northeast, Saint Petersburg, Pinellas County, Florida, 33701, United States",33701
Tampa Bay-Heated Pool home-VALRICO/BRANDON FL,"{'latitude': 27.88687515258789, 'longitude': -82.25716400146484}",27.88687515258789,-82.25716400146484,https://yolanda-graham.lodgify.com/listing/en/553857,4.9,100,"3707, Kentfield Place, Hillsborough County, Florida, 33594, United States",33594
"Tampa-Seffner-Brandon FL<br>4 bed 2 bath family, pet- friendly house","{'latitude': 27.973039627075195, 'longitude': -82.28163146972656}",27.973039627075195,-82.28163146972656,https://www.google.com/travel/search?q=2411%2C%20Devonwoode%20Place%2C%20Amys%20Acres%2C%20Brandon%2C%20Hillsborough%20County%2C%20Florida%2C%2033584%2C%20United%20States&ts=CAISCgoCCAMKAggDEAAaHhIcEhQKBwjoDxAMGAESBwjoDxAMGAgYBzICEAA4ASoHCgU6A1VTRA&ved=0CFgQyvcEahkKEwjgmsrmrfuJAxUAAAAAHQAAAAAQw8wC&ictx=3&hl=en-US&ap=MAE&qs=CAASBENCST0gACgAMihDaG9ROVpfMmdNWG9uYl9lQVJvTkwyY3ZNVEZyYWpWdWRuWjBOeEFDOA1IAA,4.9,7,"2411, Devonwoode Place, Amys Acres, Brandon, Hillsborough County, Florida, 33584, United States",33584
The Beach - SUNRISE over looking marina and on canal!,"{'latitude': 27.726158142089844, 'longitude': -82.47338104248047}",27.726158142089844,-82.47338104248047,https://www.google.com/travel/search?q=449%2C%20Bahia%20Beach%20Boulevard%2C%20Hillsborough%20County%2C%20Florida%2C%2033570%2C%20United%20States&ts=CAISCgoCCAMKAggDEAAaHhIcEhQKBwjoDxAMGAwSBwjoDxAMGBEYBTICEAA4ASoHCgU6A1VTRA&ved=0CAMQyvcEahkKEwjgmsrmrfuJAxUAAAAAHQAAAAAQqc0C&ictx=3&hl=en-US&ap=MAA&qs=CAAgACgAMihDaG9RX3ZLY3B1bVNsNnZjQVJvTkwyY3ZNVEYwZUhGdWNtYzVkaEFDOA1IAA,4.9,97,"449, Bahia Beach Boulevard, Hillsborough County, Florida, 33570, United States",33570
Valrico Retreat w/ Fire Pit ~ 18 Mi to Tampa!,"{'latitude': 27.867462158203125, 'longitude': -82.23797607421875}",27.867462158203125,-82.23797607421875,http://g.rentalsunited.com/gate.aspx?uid=554691&url=1&pid=3338895&lc=google,4.9,8,"2727, Brookville Drive, Hillsborough County, Florida, 33594, United States",33594
!GOLF COURSE VIEW/SPACIOUS POOL/LANAI/PIANO/FOOSBALL-NEAR BEACH/MUSEUM/AQUARIUM!,"{'latitude': 28.022605895996094, 'longitude': -82.71551513671875}",28.022605895996094,-82.71551513671875,https://10starshomes.hospitable.rentals/property/golfcourse-view-spacious-poollanai-pianofoosball,5.0,4,"2778, Landmark Drive, The Estates at Countryside, Clearwater, Pinellas County, Florida, 33761, United States",33761
#64 Thee Palm in law by Joyful Moments Vacations,"{'latitude': 28.181377410888672, 'longitude': -82.52652740478516}",28.181377410888672,-82.52652740478516,https://www.google.com/travel/search?q=17558%2C%20Wellfield%20Court%2C%20Sierra%20Pines%2C%20Odessa%2C%20Pasco%20County%2C%20Florida%2C%2033558%2C%20United%20States&ts=CAISCgoCCAMKAggDEAAaHBIaEhQKBwjpDxABGBUSBwjpDxABGBwYBzICEAAqBwoFOgNVU0Q&ved=0CAMQyvcEahgKEwjgmsrmrfuJAxUAAAAAHQAAAAAQgmA&ictx=3&hl=en-US&ap=MAA&qs=CAEgACgAMidDaGtRZ2FMSGk1eVgtWTVER2cwdlp5OHhNWFk1YUdONGVXWmlFQUk4DUgA,5.0,3,"17558, Wellfield Court, Sierra Pines, Odessa, Pasco County, Florida, 33558, United States",17558
2Bdrms w/King + Twin & 2 Baths | Urban Gem,"{'latitude': 27.917211532592773, 'longitude': -82.31544494628906}",27.917211532592773,-82.31544494628906,https://bluewhiterentals.hospitable.rentals/property/king-bed-queen-twin-2-baths-urban-gem,5.0,66,"1239, Coolmont Drive, Brandon, Hillsborough County, Florida, 33511, United States",33511
437 Little Harbor,"{'latitude': 27.725845336914062, 'longitude': -82.47319793701172}",27.725845336914062,-82.47319793701172,https://www.google.com/travel/search?q=437%2C%20Bahia%20Beach%20Boulevard%2C%20Hillsborough%20County%2C%20Florida%2C%2033570%2C%20United%20States&ts=CAISCgoCCAMKAggDEAAaHhIcEhQKBwjoDxAMGAkSBwjoDxAMGAwYAzICEAA4ASoHCgU6A1VTRA&ved=0CLMBEMr3BGoYChMI4JrK5q37iQMVAAAAAB0AAAAAEOJ5&ictx=3&hl=en-US&ap=KigKEglYDJQt1S7rvxEflEH_Pk9awBISCUkcAZ8cRElAET8og_69KU7AMAA&qs=CAAgACgAMidDaGtRc3VHRnRyVE8xZWhkR2cwdlp5OHhNWGR4YUcxa01IbDZFQUk4DUgA,5.0,3,"437, Bahia Beach Boulevard, Hillsborough County, Florida, 33570, United States",33570
All modern Studio with private entry  parking.,"{'latitude': 27.920589447021484, 'longitude': -82.2760009765625}",27.920589447021484,-82.2760009765625,https://www.google.com/travel/search?q=1206%2C%20Blisswood%20Drive%2C%20Brandon%2C%20Hillsborough%20County%2C%20Florida%2C%2033511%2C%20United%20States&ts=CAISCgoCCAMKAggDEAAaHhIcEhQKBwjoDxAMGAMSBwjoDxAMGAgYBTICEAA4ASoHCgU6A1VTRA&ved=0CAMQyvcEahkKEwjgmsrmrfuJAxUAAAAAHQAAAAAQ74EB&ictx=3&hl=en-US&ap=MAA&qs=CAAgACgAMihDaG9Rd3FDT19zYTFodGJwQVJvTkwyY3ZNVEYyZWpCMlp6VTRlaEFDOA1IAA,5.0,38,"1206, Blisswood Drive, Brandon, Hillsborough County, Florida, 33511, United States",33511
Apollo Beach amazing pool home game room,"{'latitude': 27.774883270263672, 'longitude': -82.4053726196289}",27.774883270263672,-82.4053726196289,https://BNBmanagementanddecor.holidayfuture.com/listings/230315?googleVR=1,5.0,51,"6503, Manila Palm Way, Apollo Beach, Hillsborough County, Florida, 33572, United States",33572
Apollo Beach Oasis: Lanai + Heated Pool!,"{'latitude': 27.770885467529297, 'longitude': -82.41612243652344}",27.770885467529297,-82.41612243652344,http://g.rentalsunited.com/gate.aspx?uid=554691&url=1&pid=3758394&lc=google,5.0,9,"748, Flamingo Drive, Apollo Beach, Hillsborough County, Florida, 33572, United States",33572
Apollo Beach Waterfront Pool Oasis,"{'latitude': 27.771175384521484, 'longitude': -82.40293884277344}",27.771175384521484,-82.40293884277344,https://BNBmanagementanddecor.holidayfuture.com/listings/230314?googleVR=1,5.0,100,"481, Flamingo Drive, Apollo Beach, Hillsborough County, Florida, 33572, United States",33572
"Beautiful & Cozy Home on a Canal in Hudson, FL!","{'latitude': 28.35945701599121, 'longitude': -82.70201873779297}",28.35945701599121,-82.70201873779297,https://www.emperorrentals.com/beautiful-cozy-home-on-a-canal-in-hudson-fl-orp5b5a27cx,5.0,69,"13753, Sommers Avenue, Hudson Beach Estates, Hudson, Pasco County, Florida, 34667, United States",13753
BEAUTIFUL STUDIO IN HEART OF BRANDON,"{'latitude': 27.962013244628906, 'longitude': -82.31547546386719}",27.962013244628903,-82.31547546386719,https://www.google.com/travel/search?q=1312%2C%20Brandonwood%20Drive%2C%20Brandon%2C%20Hillsborough%20County%2C%20Florida%2C%2033510%2C%20United%20States&ts=CAISCgoCCAMKAggDEAAaHhIcEhQKBwjpDxACGA4SBwjpDxACGBUYBzICEAA4ASoHCgU6A1VTRA&ved=0CAMQyvcEahkKEwjgmsrmrfuJAxUAAAAAHQAAAAAQwpAB&ictx=3&hl=en-US&ap=KigKEgkHn0LMssg7QBH-HiHeRrJUwBISCT5tjKyFyTtAEf4eoZwmslTAMAA&qs=CAAgACgAMidDaGtROG9fUGw1U2R1cnBQR2cwdlp5OHhNWFI0Y1cxbmJuRnJFQUk4DUgA,5.0,6,"1312, Brandonwood Drive, Brandon, Hillsborough County, Florida, 33510, United States",33510
"Charming 1-bedroom apartment with AC, WiFi in peaceful Valrico","{'latitude': 27.966310501098633, 'longitude': -82.26386260986328}",27.966310501098636,-82.26386260986328,https://www.google.com/travel/search?q=1512%2C%20Sydney%20Road%2C%20Abbey%20Trace%2C%20Brandon%2C%20Hillsborough%20County%2C%20Florida%2C%2033567%2C%20United%20States&ts=CAISCgoCCAMKAggDEAAaXAo8EjoyJTB4ODhjMmNjODkwZmY1ZTcxMToweGYyZTNjZGE2ZWIxMDVmZTU6EUFiYmV5IFRyYWNlIERyaXZlEhwSFAoHCOkPEAIYBxIHCOkPEAIYDhgHMgIQADgBKgcKBToDVVNE&ved=0CAMQyvcEahkKEwjgmsrmrfuJAxUAAAAAHQAAAAAQ9qEB&ictx=3&hl=en-US&ap=KigKEgkHn0LMssg7QBH-HiHeRrJUwBISCT5tjKyFyTtAEf4eoZwmslTAMAA&qs=CAAgACgAMidDaGtRZ083VDdvbVZ2cmhWR2cwdlp5OHhNV3gwYURNM01URjBFQUk4DUgA,5.0,1,"1512, Sydney Road, Abbey Trace, Brandon, Hillsborough County, Florida, 33567, United States",33567
Charming 3 Bedroom Farm Retreat in Lithia,"{'latitude': 27.870145797729492, 'longitude': -82.17843627929688}",27.87014579772949,-82.17843627929688,https://www.google.com/travel/search?q=1831%2C%20Streetman%20Drive%2C%20Hillsborough%20County%2C%20Florida%2C%2033547%2C%20United%20States&ts=CAISCgoCCAMKAggDEAAaHhIcEhQKBwjpDxABGA0SBwjpDxABGBIYBTICEAA4ASoHCgU6A1VTRA&ved=0CAMQyvcEahkKEwjgmsrmrfuJAxUAAAAAHQAAAAAQiKUB&ictx=3&hl=en-US&ap=KigKEgkHn0LMssg7QBH-HiHeRrJUwBISCT5tjKyFyTtAEf4eoZwmslTAMAA&qs=CAAgACgAMihDaG9RcDdlTTFiM2t2ZFcxQVJvTkwyY3ZNVEYyTURWM016bGZiaEFDOA1IAA,5.0,17,"1831, Streetman Drive, Hillsborough County, Florida, 33547, United States",33547
Charming efficiency with WiFi and AC in Spring Hill,"{'latitude': 28.44974136352539, 'longitude': -82.49406433105469}",28.44974136352539,-82.49406433105469,https://www.google.com/travel/search?q=1118%2C%20Godfrey%20Avenue%2C%20Spring%20Hill%2C%20Hernando%20County%2C%20Florida%2C%2034609%2C%20United%20States&ts=CAISCgoCCAMKAggDEAAaHBIaEhQKBwjpDxABGB0SBwjpDxABGB4YATICEAAqBwoFOgNVU0Q&ved=0CAMQyvcEahkKEwjgmsrmrfuJAxUAAAAAHQAAAAAQi6YB&ictx=3&hl=en-US&ap=KigKEgkHn0LMssg7QBH-HiHeRrJUwBISCT5tjKyFyTtAEf4eoZwmslTAMAA&qs=CAAgACgAMidDaGtReXY2aHFPZlE0WjRJR2cwdlp5OHhNWGM1TUdoNGNUY3dFQUk4DUgA,5.0,1,"1118, Godfrey Avenue, Spring Hill, Hernando County, Florida, 34609, United States",34609
Charming Lakefront Studio w/Lanai & Dock in Lakeview Village,"{'latitude': 27.967241287231445, 'longitude': -82.3075180053711}",27.967241287231445,-82.3075180053711,https://www.vrbo.com/3058139?MDPCID=VRBO-META.HPA.WEB-ORGANIC.VR,5.0,20,"1723, Southwind Drive, Brandon, Hillsborough County, Florida, 33510, United States",33510
Clearwater Beachfront Condo w/ Heated Pool Access!,"{'latitude': 27.950777053833008, 'longitude': -82.83263397216797}",27.950777053833008,-82.83263397216797,http://g.rentalsunited.com/gate.aspx?uid=554691&url=1&pid=3712526&lc=google,5.0,4,"Lighthouse Towers, 1290 , Gulf Boulevard, Clearwater, Pinellas County, Florida, 33767, United States",33767
"Comfy Condo-KING Bed, POOL-Hot Tub, Pets, Wifi,Gym","{'latitude': 28.13558578491211, 'longitude': -82.37118530273438}",28.13558578491211,-82.37118530273438,https://furnishedstaystampa.com/property/comfy-condoking-bedpoolhot-tubpets-okwifigym,5.0,5,"18549, Antietam Court, Richmond Place, Tampa, Hillsborough County, Florida, 33647, United States",18549
"Cozy Beach Haven- Heated Pool, Bonfire Pit","{'latitude': 27.878881454467773, 'longitude': -82.82595825195312}",27.878881454467773,-82.82595825195312,https://clearwater.hospitable.rentals/property/heated-pool-5-min-to-beach-firepit-pet-friendly,5.0,143,"Oval Drive West, Largo, Pinellas County, Florida, 33774, United States",33774
Cozy Industrial Chic Apartment,"{'latitude': 27.86341094970703, 'longitude': -82.3209228515625}",27.86341094970703,-82.3209228515625,https://www.google.com/travel/search?q=11505%2C%20Grove%20Arcade%20Drive%2C%20Aberdeen%20Creek%2C%20Riverview%2C%20Hillsborough%20County%2C%20Florida%2C%2033569%2C%20United%20States&ts=CAISCgoCCAMKAggDEAAaYApAEj4yJTB4ODhjMmQxODg5YjZiOTBmNzoweDdkN2RmZmI5NmE0MmU2ZjI6FUFiZXJkZWVuIENyZWVrIENpcmNsZRIcEhQKBwjpDxABGAcSBwjpDxABGAsYBDICEAA4ASoHCgU6A1VTRA&ved=0CIABEMr3BGoZChMI4JrK5q37iQMVAAAAAB0AAAAAEOe5AQ&ictx=3&hl=en-US&ap=KigKEgkHn0LMssg7QBH-HiHeRrJUwBISCT5tjKyFyTtAEf4eoZwmslTAMAA&qs=CAAgACgAMihDaG9RNWNXeXlLcUtpZUxTQVJvTkwyY3ZNVEZyY0c1aVkyNXhOUkFDOA1IAA,5.0,40,"11002, McMullen Loop, Alafia Cove, Riverview, Hillsborough County, Florida, 33569, United States",11002
Discover Your Home Away from Home in Riverview,"{'latitude': 27.85757064819336, 'longitude': -82.32814025878906}",27.85757064819336,-82.32814025878906,https://www.vrbo.com/4055614?MDPCID=VRBO-META.HPA.WEB-ORGANIC.VR,5.0,1,"9616, Pineridge Avenue, Riverview, Hillsborough County, Florida, 33569, United States",33569
"Entire home just outside Tampa, FL","{'latitude': 27.86549949645996, 'longitude': -82.34912872314453}",27.86549949645996,-82.34912872314453,https://www.bluepillow.com/search?p_id=589dfd647c00cb10c8dacd0b&dest=bpvr&cat=House&accomodationids=64906fa4ba24250813c2888e,5.0,2,"9431, Star Gazer Lane, Riverview, Hillsborough County, Florida, 33569, United States",33569
ENTIRE TOWNHOME IN APOLLO BEACH FL,"{'latitude': 27.776880264282227, 'longitude': -82.41643524169922}",27.776880264282227,-82.41643524169922,https://www.vrbo.com/3651956?MDPCID=VRBO-META.HPA.WEB-ORGANIC.VR,5.0,3,"6506, Abaco Drive, Hillsborough County, Florida, 33572, United States",33572
Exciting Valrico Villa w/ Private Pool & Game Room,"{'latitude': 27.918729782104492, 'longitude': -82.26068878173828}",27.91872978210449,-82.26068878173828,http://g.rentalsunited.com/gate.aspx?uid=554691&url=1&pid=3761339&lc=google,5.0,3,"1501, Fox Hill Place, Anselmi Acres, Brandon, Hillsborough County, Florida, 33594, United States",33594
Exquisite Lakefront Pool House Awaits | Pool | 10 PPL,"{'latitude': 27.86176872253418, 'longitude': -82.78528594970703}",27.86176872253418,-82.78528594970703,https://www.emperorrentals.com/exquisite-lakefront-pool-house-awaits-pool-10-ppl-orp5b60992x,5.0,37,"10694, 98th Terrace, Pinellas County, Florida, 33772, United States",10694
Freaky Tiki!  1BR/1BA Retro Florida Styled Condo at Paradise Lakes,"{'latitude': 28.183670043945312, 'longitude': -82.47045135498047}",28.183670043945312,-82.47045135498047,https://www.google.com/travel/search?q=1873%2C%20Mazo%20Manor%2C%20Pasco%20County%2C%20Florida%2C%2033558%2C%20United%20States&ts=CAISCgoCCAMKAggDEAAaHhIcEhQKBwjoDxAMGBYSBwjoDxAMGBoYBDICEAA4ASoHCgU6A1VTRA&ved=0CBwQyvcEahkKEwjgmsrmrfuJAxUAAAAAHQAAAAAQ5NgB&ictx=3&hl=en-US&ap=KigKEgkHn0LMssg7QBH-HiHeRrJUwBISCT5tjKyFyTtAEf4eoZwmslTAMAA&qs=CAAgACgAMidDaGtRdEpxOXhmajc5N2NZR2cwdlp5OHhNWGt6Y2pSb2JEWTVFQUk4DUgA,5.0,19,"1873, Mazo Manor, Pasco County, Florida, 33558, United States",33558
Free Pool Toys And Sunrises    Sunrise On Lake Tarpon 4 Bed 3.5 Bath    Lake Front Vacation Pool Home,"{'latitude': 28.10749053955078, 'longitude': -82.72941589355469}",28.10749053955078,-82.72941589355469,https://gtravel.pmtsmartsync.com/site_clickthrough.php?hotelid=33560&language=en,5.0,7,"133, Lake Shore Drive North, The Village of Lake Tarpon, Lake Shore Estates, Pinellas County, Florida, 34684, United States",34684
Gulf-View Hudson Condo in Waterfront Resort!,"{'latitude': 28.357799530029297, 'longitude': -82.71452331542969}",28.357799530029297,-82.71452331542969,http://g.rentalsunited.com/gate.aspx?uid=554691&url=1&pid=3094396&lc=google,5.0,236,"Sea Ranch Drive, Gulf Island, Hudson, Pasco County, Florida, 34667, United States",34667
Heather Lakes Retreat,"{'latitude': 27.91962242126465, 'longitude': -82.30824279785156}",27.91962242126465,-82.30824279785156,https://www.google.com/travel/search?q=1113%2C%20Axlewood%20Circle%2C%20Brandon%2C%20Hillsborough%20County%2C%20Florida%2C%2033511%2C%20United%20States&ts=CAISCgoCCAMKAggDEAAaHhIcEhQKBwjpDxABGBkSBwjpDxABGB0YBDICEAA4ASoHCgU6A1VTRA&ved=0CKwBEMr3BGoZChMI4JrK5q37iQMVAAAAAB0AAAAAEMzlAQ&ictx=3&hl=en-US&ap=KigKEgkHn0LMssg7QBH-HiHeRrJUwBISCT5tjKyFyTtAEf4eoZwmslTAMAE&qs=CAASBENCST0gACgAMidDaGtRcDdEY21LakI2TXM1R2cwdlp5OHhNWGM0Wm5CeGN6STJFQUk4DUgA,5.0,23,"1113, Axlewood Circle, Brandon, Hillsborough County, Florida, 33511, United States",33511
Holiday home in Saint Petersburg / FL,"{'latitude': 27.757930755615234, 'longitude': -82.65473937988281}",27.757930755615234,-82.65473937988281,https://www.tourist-paradise.com/63033.htm,5.0,18,"1599, 13th Avenue South, Pine Acres, Saint Petersburg, Pinellas County, Florida, 33705, United States",33705
"Home on river with private pool, stunning sunset, fishing, dolphin & manatee","{'latitude': 28.173791885375977, 'longitude': -82.7204818725586}",28.173791885375977,-82.7204818725586,https://www.google.com/travel/search?q=1039%2C%20Rushmore%20Drive%2C%20Holiday%2C%20Pasco%20County%2C%20Florida%2C%2034690%2C%20United%20States&ts=CAISCgoCCAMKAggDEAAaHhIcEhQKBwjpDxABGBISBwjpDxABGBYYBDICEAA4ASoHCgU6A1VTRA&ved=0CAMQyvcEahkKEwjgmsrmrfuJAxUAAAAAHQAAAAAQn-cB&ictx=3&hl=en-US&ap=KigKEgkHn0LMssg7QBH-HiHeRrJUwBISCT5tjKyFyTtAEf4eoZwmslTAMAA&qs=CAAgACgAMihDaG9RLUtXdzJZWHd2TVNuQVJvTkwyY3ZNVEYyZUhSNmVtUnlkaEFDOA1IAA,5.0,7,"1039, Rushmore Drive, Holiday, Pasco County, Florida, 34690, United States",34690
"Hudson retreat, 3 Bedroom Pool Home!","{'latitude': 28.353483200073242, 'longitude': -82.6947250366211}",28.35348320007324,-82.6947250366211,https://www.airbnbrent.com/hudson-retreat-3-bedroom-pool-home-orp5b66637x,5.0,11,"13473, Whitby Road, Windsor Mill, Hudson, Pasco County, Florida, 34667, United States",13473
IRB Harbor House Semi-Private Waterfront Pool Villa,"{'latitude': 27.901296615600586, 'longitude': -82.83761596679688}",27.901296615600582,-82.83761596679688,https://www.irbharborhouse.com/listing/en/624883,5.0,6,"538, 20th Avenue North, Indian Rocks Beach, Pinellas County, Florida, 33785, United States",33785
Just WOW! + Heated Pool + 10 Mins to Beach + Games + Fire Pit + Foosball & More!,"{'latitude': 27.847227096557617, 'longitude': -82.7979965209961}",27.847227096557617,-82.7979965209961,https://www.emperorrentals.com/seminole-moment-orp5b6889fx,5.0,3,"11540, 82nd Avenue, Buena Vista, Pinellas County, Florida, 33772, United States",11540
La Casa Del Mar 608 Star5Vacationscom,"{'latitude': 28.042436599731445, 'longitude': -82.78397369384766}",28.042436599731445,-82.78397369384766,https://www.star5vacations.com/vacation/condominium-dunedin-la-casa-del-mar-608-star5vacationscom-301335.html?idReferer=3773,5.0,7,"98, Nicholas Drive, Harbor View, Dunedin, Pinellas County, Florida, 34698, United States",34698
"Lakefront Home's Separate Apartment in Odessa, Tampa, FL!","{'latitude': 28.12200927734375, 'longitude': -82.59455108642578}",28.12200927734375,-82.59455108642578,https://www.google.com/travel/search?q=9551%2C%20Roberts%20Road%2C%20Keystone%20Acres%2C%20Hillsborough%20County%2C%20Florida%2C%2033556%2C%20United%20States&ts=CAISCgoCCAMKAggDEAAaHhIcEhQKBwjoDxAMGAkSBwjoDxAMGAwYAzICEAA4ASoHCgU6A1VTRA&ved=0CE4QyvcEahkKEwjgmsrmrfuJAxUAAAAAHQAAAAAQ1PYB&ictx=3&hl=en-US&ap=KigKEgkHn0LMssg7QBH-HiHeRrJUwBISCT5tjKyFyTtAEf4eoZwmslTAMAA&qs=CAAgACgAMihDaG9RM2Y2Zi0tdlJpcy1QQVJvTkwyY3ZNVEYyZWpKa2VuSnVjUkFDOA1IAA,5.0,1,"9551, Roberts Road, Keystone Acres, Hillsborough County, Florida, 33556, United States",33556
Lakefront Studio with Amenities.,"{'latitude': 28.249265670776367, 'longitude': -82.475830078125}",28.249265670776367,-82.475830078125,https://www.google.com/travel/search?q=6304%2C%20Discovery%20Lane%2C%20Pasco%20County%2C%20Florida%2C%2034638%2C%20United%20States&ts=CAISCgoCCAMKAggDEAAaHBIaEhQKBwjoDxAMGAkSBwjoDxAMGAwYAzICEAAqBwoFOgNVU0Q&ved=0CAMQyvcEahkKEwjgmsrmrfuJAxUAAAAAHQAAAAAQu_cB&ictx=3&hl=en-US&ap=KigKEgkHn0LMssg7QBH-HiHeRrJUwBISCT5tjKyFyTtAEf4eoZwmslTAMAA&qs=CAAgACgAMihDaG9RejhHcDFKYVNqb2VOQVJvTkwyY3ZNVEY1TkhsdE5ERnplaEFDOA1IAA,5.0,4,"6304, Discovery Lane, Pasco County, Florida, 34638, United States",34638
Large Luxury Home in Palm Harbor with Private Pool and Jacuzzi,"{'latitude': 28.119359970092773, 'longitude': -82.76718139648438}",28.119359970092773,-82.76718139648438,https://www.google.com/travel/search?q=4738%2C%20Innisfil%20Street%2C%20Cove%20Springs%2C%20Pinellas%20County%2C%20Florida%2C%2034683%2C%20United%20States&ts=CAISCgoCCAMKAggDEAAaHhIcEhQKBwjoDxAMGBASBwjoDxAMGBEYATICEAA4ASoHCgU6A1VTRA&ved=0CAMQyvcEahkKEwjgmsrmrfuJAxUAAAAAHQAAAAAQ-vwB&ictx=3&hl=en-US&ap=KigKEgkHn0LMssg7QBH-HiHeRrJUwBISCT5tjKyFyTtAEf4eoZwmslTAMAA&qs=CAAgACgAMihDaG9RaWEyeW5NV0kydG5mQVJvTkwyY3ZNVEZyY2pZMVpEQnlkQkFDOA1IAA,5.0,6,"4738, Innisfil Street, Cove Springs, Pinellas County, Florida, 34683, United States",34683
Luxurious Spa Retreat with Stunning Pool in Palm Harbor,"{'latitude': 28.086647033691406, 'longitude': -82.74720001220703}",28.086647033691406,-82.74720001220703,https://www.emperorrentals.com/palm-harbor-oasis-luxe-spa-pool-retreat-orp5b679d7x,5.0,7,"2124, Citrus Hill Lane, Beacon Groves, Palm Harbor, Pinellas County, Florida, 34683, United States",34683
"Luxury Home, Heated Saltwater Pool, 5-Min to the Beach!","{'latitude': 27.85808563232422, 'longitude': -82.82267761230469}",27.85808563232422,-82.82267761230469,https://www.emperorrentals.com/luxury-home-heated-saltwater-pool-5min-to-beach-orp5b65760x,5.0,22,"9350, 133rd Street, Oakhurst Terrace, Pinellas County, Florida, 33776, United States",33776
"Luxury Pool home in Trinity, FL - Monthly rental only. Avail Jan and/or Feb 2025","{'latitude': 28.227489471435547, 'longitude': -82.68245697021484}",28.227489471435547,-82.68245697021484,https://www.bluepillow.com/search?p_id=589dfd4f7c00cb10c8dacc60&dest=bpvr&cat=House&accomodationids=62175889a7239796806e98e1,5.0,7,"7900, Sugar Maple Court, Mill Run, Pasco County, Florida, 34653, United States",34653
"Modern, Family Friendly Home ~Heated Pool~ 10 min to Beach","{'latitude': 27.86850929260254, 'longitude': -82.79286193847656}",27.86850929260254,-82.79286193847656,,5.0,3,"11134, 105th Avenue, Pinellas County, Florida, 33778, United States",11134
Nature's Coast Retreat,"{'latitude': 28.438570022583008, 'longitude': -82.60283660888672}",28.438570022583008,-82.60283660888672,,5.0,13,"245, Plumtree Avenue, Spring Hill, Hernando County, Florida, 34606, United States",34606
New Riverside Retreat w/Pool  Dock,"{'latitude': 28.17841911315918, 'longitude': -82.71775817871094}",28.17841911315918,-82.71775817871094,https://www.google.com/travel/search?q=5858%2C%20Melaleuca%20Drive%2C%20Holiday%2C%20Pasco%20County%2C%20Florida%2C%2034690%2C%20United%20States&ts=CAISCgoCCAMKAggDEAAaHhIcEhQKBwjpDxABGBISBwjpDxABGBYYBDICEAA4ASoHCgU6A1VTRA&ved=0CAMQyvcEahkKEwjgmsrmrfuJAxUAAAAAHQAAAAAQ5pUC&ictx=3&hl=en-US&ap=MAA&qs=CAAgACgAMihDaG9RekpYRG5fMjZxdGYtQVJvTkwyY3ZNVEYyZVhFeU5USmlOeEFDOA1IAA,5.0,4,"5858, Melaleuca Drive, Holiday, Pasco County, Florida, 34690, United States",34690
Odessa Lake House w/ Private Pool & Screened Lanai,"{'latitude': 28.138370513916016, 'longitude': -82.58159637451172}",28.138370513916016,-82.58159637451172,http://g.rentalsunited.com/gate.aspx?uid=554691&url=1&pid=3763792&lc=google,5.0,6,"8701, Lake Calm Lane, Lake Calm, Hillsborough County, Florida, 33556, United States",33556
Odessa Lakeside: 3BR Pool & Hot Tub,"{'latitude': 28.138370513916016, 'longitude': -82.58154296875}",28.138370513916016,-82.58154296875,https://luxurylodging.holidayfuture.com/listings/314717?googleVR=1,5.0,1,"8701, Lake Calm Lane, Lake Calm, Hillsborough County, Florida, 33556, United States",33556
"One Bedroom condo in Palm Harbor, FL","{'latitude': 28.10307502746582, 'longitude': -82.7425308227539}",28.10307502746582,-82.7425308227539,https://www.google.com/travel/search?q=3521%2C%20Glossy%20Ibis%20Court%2C%20Palm%20Harbor%2C%20Pinellas%20County%2C%20Florida%2C%2034683%2C%20United%20States&ts=CAISCgoCCAMKAggDEAAaHhIcEhQKBwjoDxAMGAkSBwjoDxAMGAwYAzICEAA4ASoHCgU6A1VTRA&ved=0CO4BEMr3BGoZChMI4JrK5q37iQMVAAAAAB0AAAAAELGcAg&ictx=3&hl=en-US&ap=MAA&qs=CAAgACgAMihDaG9RNXVXNWw2ZUwyY0tnQVJvTkwyY3ZNVEY1TTNGa2JXeHpZeEFDOA1IAA,5.0,8,"3521, Glossy Ibis Court, Palm Harbor, Pinellas County, Florida, 34683, United States",34683
Orange Blossom Refuge,"{'latitude': 27.875429153442383, 'longitude': -82.78596496582031}",27.875429153442383,-82.78596496582031,https://pikesplace.lodgify.com/listing/en/456442,5.0,1,"10647, 114th Avenue North, Pinellas County, Florida, 33773, United States",10647
PEACEFUL GETAWAY STUDIO,"{'latitude': 28.023820877075195, 'longitude': -82.36571502685547}",28.023820877075195,-82.36571502685547,https://www.vrbo.com/3930071?MDPCID=VRBO-META.HPA.WEB-ORGANIC.VR,5.0,6,"8391, Iberia Place, Hillsborough County, Florida, 33637, United States",33637
Pet Friendly Waterfront Florida Home With Boat Lift & Kayaks,"{'latitude': 28.176729202270508, 'longitude': -82.7188720703125}",28.176729202270508,-82.7188720703125,https://www.bringfido.com/lodging/131716?aid=googlerentals-website,5.0,56,"1216, Chancellor Drive, Holiday, Pasco County, Florida, 34690, United States",34690
Pet-Friendly Tampa Bay Getaway: Walk to the Water!,"{'latitude': 28.035572052001953, 'longitude': -82.66348266601562}",28.035572052001957,-82.66348266601562,http://g.rentalsunited.com/gate.aspx?uid=554691&url=1&pid=3854475&lc=google,5.0,7,"326, Fairfield Street, Oldsmar, Pinellas County, Florida, 34677, United States",34677
Plant City Modern Soho Farmhouse- Event Friendly - Four-Bedroom House,"{'latitude': 28.02433967590332, 'longitude': -82.06073760986328}",28.02433967590332,-82.06073760986328,https://www.google.com/travel/search?q=229%2C%20South%20Webb%20Road%2C%20Youmans%2C%20Hillsborough%20County%2C%20Florida%2C%2033566%2C%20United%20States&ts=CAISCgoCCAMKAggDEAAaHBIaEhQKBwjpDxABGBMSBwjpDxABGBcYBDICEAAqDAoFOgNVU0QaAyIBBQ&ved=0CAQQyvcEahkKEwjgmsrmrfuJAxUAAAAAHQAAAAAQ36UC&ictx=3&hl=en-US&ap=MAA&qs=CAAgACgAMidDaGtRZzRIUTlaR2o0dUI0R2cwdlp5OHhNWGMwTW5JemFsODRFQUk4DUgA,5.0,4,"229, South Webb Road, Youmans, Hillsborough County, Florida, 33566, United States",33566
"SaltyLux16 Heated Saltwater Pool, Near Beach, Honeymoon Island, Farmer market - Three-Bedroom House","{'latitude': 28.0476016998291, 'longitude': -82.73462677001953}",28.0476016998291,-82.73462677001953,https://www.google.com/travel/search?q=30083%2C%2069th%20Street%20North%2C%20Riviera%20Estates%2C%20Pinellas%20County%2C%20Florida%2C%2033761%2C%20United%20States&ts=CAISCgoCCAMKAggDEAAaHhIcEhQKBwjoDxAMGBISBwjoDxAMGBgYBjICEAA4ASoMCgU6A1VTRBoDIgEF&ved=0CAMQyvcEahkKEwjgmsrmrfuJAxUAAAAAHQAAAAAQg64C&ictx=3&hl=en-US&ap=MAA&qs=CAEgACgAMidDaGtRbmVia19yZXd1UGcxR2cwdlp5OHhNWGsxZW1SdGNHZDJFQUk4DUgA,5.0,8,"30083, 69th Street North, Riviera Estates, Pinellas County, Florida, 33761, United States",30083
"Sea-lah - Pool, Firepit, Outdoor Games","{'latitude': 27.8895320892334, 'longitude': -82.82808685302734}",27.8895320892334,-82.82808685302734,https://manage.bookingautomation.com/booking.php?propid=231997&sr1-best=1&apisource=58&referer=googlehpa,5.0,3,"13632, Kimberly Oaks Circle, Largo Condominium Complex, Anona, Largo, Pinellas County, Florida, 33774, United States",13632
Spacious Brandon Home w/ Private Outdoor Pool,"{'latitude': 27.96112823486328, 'longitude': -82.28118133544922}",27.96112823486328,-82.28118133544922,http://g.rentalsunited.com/gate.aspx?uid=554691&url=1&pid=3236417&lc=google,5.0,7,"1305, Willow Valley Drive, Brandon, Hillsborough County, Florida, 33510, United States",33510
Spring Hill Home - 3 Mi to Weeki Wachee Springs!,"{'latitude': 28.50238037109375, 'longitude': -82.55119323730469}",28.50238037109375,-82.55119323730469,http://g.rentalsunited.com/gate.aspx?uid=554691&url=1&pid=3785569&lc=google,5.0,3,"10071, Gifford Drive, Spring Hill, Hernando County, Florida, 34608, United States",10071
Stunning Guesthouse Close to River,"{'latitude': 28.25609588623047, 'longitude': -82.72069549560547}",28.25609588623047,-82.72069549560547,https://www.emperorrentals.com/newly-remodeled-cottage-close-to-the-river-orp5b5a62dx,5.0,27,"6793, Grand Boulevard, New Port Richey, Pasco County, Florida, 34652, United States",34652
Stunning Heated Pool House Close to Tampa & Casino,"{'latitude': 27.985488891601562, 'longitude': -82.28020477294922}",27.98548889160156,-82.28020477294922,https://www.emperorrentals.com/heated-pool-pool-table-sleeps-10-great-orp5b5a233x,5.0,407,"114, Euclid Loop, Seffner, Hillsborough County, Florida, 33584, United States",33584
"Stunning Heated Pool House for 10 in Brandon, FL","{'latitude': 27.910812377929688, 'longitude': -82.30648040771484}",27.910812377929688,-82.30648040771484,https://www.emperorrentals.com/amazing-charming-pool-home-in-brandon-orp5b62169x,5.0,29,"1508, Compton Street, Brandon, Hillsborough County, Florida, 33511, United States",33511
"The Cycling Mermaid Palm Harbor, Florida - Bonus Travel Itinerary!","{'latitude': 28.090087890625, 'longitude': -82.77040100097656}",28.090087890625,-82.77040100097656,https://www.google.com/travel/search?q=766%2C%20Crsytal%20Drive%2C%20Palm%20Harbor%2C%20Pinellas%20County%2C%20Florida%2C%2034683%2C%20United%20States&ts=CAISCgoCCAMKAggDEAAaUAowEi4yJTB4ODhjMmYyMTE3NDRkZmI0NToweGMxNjEzMGEwOGJiMjNkYTM6BTM0NjgzEhwSFAoHCOgPEAwYCRIHCOgPEAwYDxgGMgIQADgBKgcKBToDVVNE&ved=0COUBEMr3BGoZChMI4JrK5q37iQMVAAAAAB0AAAAAEIXQAg&ictx=3&hl=en-US&ap=MAA&qs=CAAgACgAMihDaG9RbzdIZDA1TDA5WnJUQVJvTkwyY3ZNVEYzYldoNGNYZ3pjUkFDOA1IAA,5.0,6,"766, Crsytal Drive, Palm Harbor, Pinellas County, Florida, 34683, United States",34683
The Cycling Mermaid: Book for Thanksgiving!,"{'latitude': 28.089725494384766, 'longitude': -82.77201843261719}",28.08972549438477,-82.77201843261719,https://fierce.hospitable.rentals/property/heated-pool-10min-to-dunedin-and-honeymoon-island,5.0,59,"Palm Harbor, Pinellas County, Florida, 34681, United States",34681
"Tropical, Waterfront Oasis w/ private Dock in Apollo Beach","{'latitude': 27.77739906311035, 'longitude': -82.40817260742188}",27.77739906311035,-82.40817260742188,https://www.google.com/travel/search?q=6524%2C%20Solitare%20Palm%20Way%2C%20Apollo%20Beach%2C%20Hillsborough%20County%2C%20Florida%2C%2033572%2C%20United%20States&ts=CAISCgoCCAMKAggDEAAaVwo3EjUyJTB4ODhjMmQ3N2M5NGZlNDlkZDoweDQyMGZjNWVkMjYyYWRmYTQ6DEFwb2xsbyBCZWFjaBIcEhQKBwjpDxABGA0SBwjpDxABGBEYBDICEAA4ASoHCgU6A1VTRA&ved=0CIEBEMr3BGoZChMI4JrK5q37iQMVAAAAAB0AAAAAEOXYAg&ictx=3&hl=en-US&ap=MAA&qs=CAAgACgAMidDaGtRaHVEOGhQYjN1czhKR2cwdlp5OHhNWFpyWXpjNGNqVnJFQUk4DUgA,5.0,29,"6524, Solitare Palm Way, Apollo Beach, Hillsborough County, Florida, 33572, United States",33572
Vacation Nude! Paradise Lakes Clothing Optional M5!,"{'latitude': 28.185598373413086, 'longitude': -82.47248840332031}",28.18559837341309,-82.47248840332031,https://www.google.com/travel/search?q=Haulover%20Cove%2C%20Pasco%20County%2C%20Florida%2C%2033558%2C%20United%20States&ts=CAISCgoCCAMKAggDEAAabApMEkoKDS9nLzExYjZoeWZwZjAyJTB4ODhjMmI5NTU5M2I2YmNkZjoweDRlZDJlOTA4ZGU0YmNkZWI6EkhhdWxvdmVyIENvdmUgUm9hZBIcEhQKBwjoDxAMGAMSBwjoDxAMGAcYBDICEAA4ASoHCgU6A1VTRA&ved=0CAMQyvcEahkKEwjgmsrmrfuJAxUAAAAAHQAAAAAQt90C&ictx=3&hl=en-US&ap=MAA&qs=CAAgACgAMihDaG9RcWVDYXNObllwcUdXQVJvTkwyY3ZNVEYyTURWNE1uaHVlUkFDOA1IAA,5.0,10,"Haulover Cove, Pasco County, Florida, 33558, United States",33558
Valrico's Hidden Gem: A Stunning 3-Bedroom Oasis Awaits!,"{'latitude': 27.960384368896484, 'longitude': -82.23377990722656}",27.960384368896484,-82.23377990722656,https://www.emperorrentals.com/golf-course-community-amazing-home-for-8-guests-orp5b62636x,5.0,23,"1414, Emerald Hill Way, Arista, Hillsborough County, Florida, 33594, United States",33594
Warm and Cozy,"{'latitude': 28.4478702545166, 'longitude': -82.58537292480469}",28.4478702545166,-82.58537292480469,https://www.vacasa.com/unit/122142,5.0,1,"8155, Apple Orchard Road, Spring Hill, Hernando County, Florida, 34606, United States",34606
Waterfront | Fishing Dock | Beach Access | Suite 1,"{'latitude': 27.907955169677734, 'longitude': -82.84481048583984}",27.90795516967773,-82.84481048583984,https://Keyhosts.holidayfuture.com/listings/251443?googleVR=1,5.0,9,"2625, Bay Boulevard, Indian Rocks Beach, Pinellas County, Florida, 33785, United States",33785
Zen Oasis w/ Salt Water Pool & Water Front Canal,"{'latitude': 27.776248931884766, 'longitude': -82.40668487548828}",27.77624893188477,-82.40668487548828,https://www.google.com/travel/search?q=6515%2C%20King%20Palm%20Way%2C%20Apollo%20Beach%2C%20Hillsborough%20County%2C%20Florida%2C%2033572%2C%20United%20States&ts=CAISCgoCCAMKAggDEAAaHhIcEhQKBwjoDxAMGBUSBwjoDxAMGBwYBzICEAA4ASoHCgU6A1VTRA&ved=0CDUQyvcEahkKEwjgmsrmrfuJAxUAAAAAHQAAAAAQ2PAC&ictx=3&hl=en-US&ap=MAA&qs=CAAgACgAMihDaG9RemJ2Z3BPYXk0YXVBQVJvTkwyY3ZNVEYzT1hoNGNuUnViUkFDOA1IAA,5.0,3,"6515, King Palm Way, Apollo Beach, Hillsborough County, Florida, 33572, United States",33572
